task_lang,transfer_lang,accuracy,f1_score,transfer_language,genetic,geographic
arif1239,stan1293,0.2702702702702703,0.262160301223008,eng,1.0,0.4701
amel1241,stan1293,0.205607476635514,0.142536564760547,eng,1.0,0.4598
abau1245,stan1293,0.2342342342342342,0.2011792999170278,eng,1.0,0.4529
anem1248,stan1293,0.2095238095238095,0.1739353856020522,eng,1.0,0.4706
ambu1247,stan1293,0.1636363636363636,0.1027831656545515,eng,1.0,0.4543
agar1252,stan1293,0.1711711711711711,0.1293626960293626,eng,1.0,0.4618
cent2084,stan1293,0.287037037037037,0.2148773127033996,eng,1.0,0.3763
agua1253,stan1293,0.1711711711711711,0.1370613196828219,eng,1.0,0.353
anga1290,stan1293,0.1801801801801801,0.091055341055341,eng,1.0,0.464
east2379,stan1293,0.2,0.1748141351402221,eng,1.0,0.4807
achi1256,stan1293,0.1801801801801801,0.0986187296866908,eng,1.0,0.3232
anka1246,stan1293,0.1081081081081081,0.0518890984007263,eng,1.0,0.4635
achu1248,stan1293,0.2636363636363636,0.2048999507064023,eng,1.0,0.3451
agut1237,stan1293,0.2612612612612612,0.2121046107532594,eng,1.0,0.3922
inab1237,stan1293,0.3063063063063063,0.2677656795022811,eng,1.0,0.3941
agua1252,stan1293,0.2,0.1349934123847167,eng,1.0,0.3245
ango1254,stan1293,0.1801801801801801,0.1181655938217749,eng,1.0,0.4523
amar1273,stan1293,0.1666666666666666,0.1075258912744664,eng,1.0,0.4453
sain1246,stan1293,0.2432432432432432,0.2002222561544595,eng,0.9386000037193298,0.2586
east2379,stan1288,0.2545454545454545,0.1820050387886951,spa,1.0,0.4876
amel1241,stan1288,0.2616822429906542,0.1469751439313916,spa,1.0,0.4778
agut1237,stan1288,0.3063063063063063,0.2427613435520118,spa,1.0,0.4105
achi1256,stan1288,0.2882882882882883,0.187057687057687,spa,1.0,0.3304
anga1290,stan1288,0.1621621621621621,0.0948529814509196,spa,1.0,0.4812
abau1245,stan1288,0.2792792792792792,0.2007354948531419,spa,1.0,0.4706
ango1254,stan1288,0.2252252252252252,0.1670054022995199,spa,1.0,0.4701
achu1248,stan1288,0.2545454545454545,0.1399923605805958,spa,1.0,0.336
anem1248,stan1288,0.1619047619047619,0.0940402697902045,spa,1.0,0.4871
anka1246,stan1288,0.1891891891891892,0.1058075656475917,spa,1.0,0.4807
arif1239,stan1288,0.2522522522522522,0.1060190625408016,spa,1.0,0.487
ambu1247,stan1288,0.1818181818181818,0.1278789860025558,spa,1.0,0.4724
cent2084,stan1288,0.25,0.1384884228920926,spa,1.0,0.3988
agua1253,stan1288,0.2612612612612612,0.1242690058479532,spa,1.0,0.3432
sain1246,stan1288,0.2792792792792792,0.173654107720668,spa,0.460099995136261,0.2489
agar1252,stan1288,0.2612612612612612,0.1245318045318045,spa,1.0,0.4794
inab1237,stan1288,0.2342342342342342,0.19437170089344,spa,1.0,0.4147
amar1273,stan1288,0.287037037037037,0.1854199026612819,spa,1.0,0.4552
agua1252,stan1288,0.209090909090909,0.1365418894830659,spa,1.0,0.3324
abau1245,stan1295,0.2162162162162162,0.133675349205979,deu,1.0,0.4428
anga1290,stan1295,0.1441441441441441,0.0363197843512804,deu,1.0,0.4556
sain1246,stan1295,0.1621621621621621,0.0795795795795795,deu,0.9247999787330627,0.2881
ango1254,stan1295,0.1531531531531531,0.0537564661435629,deu,1.0,0.4421
ambu1247,stan1295,0.2,0.1111259605746742,deu,1.0,0.4449
agut1237,stan1295,0.2432432432432432,0.1685394667850808,deu,1.0,0.3745
east2379,stan1295,0.1818181818181818,0.0952848321269373,deu,1.0,0.4671
arif1239,stan1295,0.2522522522522522,0.1365365365365365,deu,1.0,0.4627
amar1273,stan1295,0.2129629629629629,0.1388099976171616,deu,1.0,0.4279
agar1252,stan1295,0.2522522522522522,0.1325114893099464,deu,1.0,0.4533
amel1241,stan1295,0.1401869158878504,0.0703426791277258,deu,1.0,0.4513
achu1248,stan1295,0.1636363636363636,0.0974104683195592,deu,1.0,0.3707
anka1246,stan1295,0.1441441441441441,0.0363197843512804,deu,1.0,0.4549
cent2084,stan1295,0.2685185185185185,0.1583570750237417,deu,1.0,0.3605
inab1237,stan1295,0.2162162162162162,0.1379361516629876,deu,1.0,0.3785
agua1253,stan1295,0.1441441441441441,0.0783655083655083,deu,1.0,0.3778
agua1252,stan1295,0.1545454545454545,0.0859634076615208,deu,1.0,0.356
anem1248,stan1295,0.2666666666666666,0.1544444444444444,deu,1.0,0.4629
achi1256,stan1295,0.1531531531531531,0.0841749312337547,deu,1.0,0.3547
amar1273,nucl1643,0.1851851851851851,0.0815152570638464,jpn,1.0,0.2041
amel1241,nucl1643,0.1588785046728972,0.0604558383510029,jpn,1.0,0.1839
agua1253,nucl1643,0.1801801801801801,0.1298760150111501,jpn,1.0,0.4842
achi1256,nucl1643,0.1801801801801801,0.0681901211556384,jpn,1.0,0.4336
cent2084,nucl1643,0.1759259259259259,0.0682773109243697,jpn,1.0,0.0938
inab1237,nucl1643,0.2342342342342342,0.1272291448536659,jpn,1.0,0.1113
east2379,nucl1643,0.2,0.121612972050352,jpn,1.0,0.2517
anka1246,nucl1643,0.1801801801801801,0.0877514877514877,jpn,1.0,0.1916
abau1245,nucl1643,0.2252252252252252,0.1701578271143097,jpn,1.0,0.175
anga1290,nucl1643,0.1531531531531531,0.0697482988540849,jpn,1.0,0.192
agar1252,nucl1643,0.1711711711711711,0.0939218788681154,jpn,1.0,0.1878
ambu1247,nucl1643,0.1727272727272727,0.0965292092970478,jpn,1.0,0.1754
agut1237,nucl1643,0.2702702702702703,0.2229399985692214,jpn,1.0,0.1269
arif1239,nucl1643,0.2612612612612612,0.1958039672325386,jpn,1.0,0.203
sain1246,nucl1643,0.1801801801801801,0.0894539146516765,jpn,1.0,0.4645
anem1248,nucl1643,0.2761904761904762,0.2311573497830279,jpn,1.0,0.2045
ango1254,nucl1643,0.1621621621621621,0.0853825372687265,jpn,1.0,0.1739
agua1252,nucl1643,0.1818181818181818,0.0713551569967624,jpn,1.0,0.4316
achu1248,nucl1643,0.1909090909090909,0.133200939507147,jpn,1.0,0.4816
abau1245,stan1290,0.1981981981981982,0.0995656813838632,fra,1.0,0.4571
sain1246,stan1290,0.2252252252252252,0.1463397231818284,fra,0.00019999999494757503,0.2617
achu1248,stan1290,0.1636363636363636,0.0485795454545454,fra,1.0,0.348
agua1252,stan1290,0.1818181818181818,0.0700639498432601,fra,1.0,0.3343
amel1241,stan1290,0.205607476635514,0.1051329817197624,fra,1.0,0.4644
amar1273,stan1290,0.2037037037037037,0.1166789204423612,fra,1.0,0.4451
achi1256,stan1290,0.1801801801801801,0.0784909077592004,fra,1.0,0.3328
agar1252,stan1290,0.2072072072072072,0.1276172724448586,fra,1.0,0.4663
ango1254,stan1290,0.1711711711711711,0.0504225155387946,fra,1.0,0.4564
cent2084,stan1290,0.1944444444444444,0.1210674658260551,fra,1.0,0.3804
agut1237,stan1290,0.2342342342342342,0.1545236681281562,fra,1.0,0.3945
anka1246,stan1290,0.1711711711711711,0.0504225155387946,fra,1.0,0.4679
anga1290,stan1290,0.1711711711711711,0.05003465003465,fra,1.0,0.4684
arif1239,stan1290,0.2342342342342342,0.1741464001917817,fra,1.0,0.4747
anem1248,stan1290,0.1809523809523809,0.0929693961952026,fra,1.0,0.4749
inab1237,stan1290,0.2072072072072072,0.1229464758876523,fra,1.0,0.3977
agua1253,stan1290,0.1891891891891892,0.0837040677040677,fra,1.0,0.3556
east2379,stan1290,0.1818181818181818,0.0804618768328445,fra,1.0,0.4806
ambu1247,stan1290,0.1636363636363636,0.0736229287953425,fra,1.0,0.4587
agut1237,mand1415,0.3693693693693693,0.2833833833833833,cmn,1.0,0.1333
amar1273,mand1415,0.3148148148148148,0.2446152703505644,cmn,1.0,0.2217
agua1253,mand1415,0.2792792792792792,0.1651651651651651,cmn,1.0,0.4933
agua1252,mand1415,0.2363636363636363,0.1594885389053485,cmn,1.0,0.4459
anga1290,mand1415,0.1801801801801801,0.0675453997304391,cmn,1.0,0.2376
amel1241,mand1415,0.1869158878504672,0.1152899558962511,cmn,1.0,0.2299
anem1248,mand1415,0.2285714285714285,0.1383116883116883,cmn,1.0,0.2505
east2379,mand1415,0.2272727272727272,0.1689725596983661,cmn,1.0,0.2799
sain1246,mand1415,0.2522522522522522,0.1808666321824216,cmn,1.0,0.4586
achi1256,mand1415,0.3243243243243243,0.2559370787626655,cmn,1.0,0.4474
anka1246,mand1415,0.1711711711711711,0.05003465003465,cmn,1.0,0.2367
ambu1247,mand1415,0.209090909090909,0.1229796618475863,cmn,1.0,0.2196
cent2084,mand1415,0.3055555555555556,0.1848466981132075,cmn,1.0,0.1023
abau1245,mand1415,0.2792792792792792,0.1979066777901955,cmn,1.0,0.2173
achu1248,mand1415,0.2272727272727272,0.1368539011065975,cmn,1.0,0.4899
ango1254,mand1415,0.1621621621621621,0.0711410498644541,cmn,1.0,0.2161
inab1237,mand1415,0.3333333333333333,0.2928024178024178,cmn,1.0,0.1281
agar1252,mand1415,0.2612612612612612,0.1236984352773826,cmn,1.0,0.2335
arif1239,mand1415,0.2792792792792792,0.1763513165782735,cmn,1.0,0.2499
achi1256,ukra1253,0.1711711711711711,0.0662567329233995,ukr,1.0,0.3782
cent2084,ukra1253,0.1851851851851851,0.126255661075097,ukr,1.0,0.3366
ango1254,ukra1253,0.1621621621621621,0.0509269600178691,ukr,1.0,0.4241
amar1273,ukra1253,0.1944444444444444,0.1260164299637984,ukr,1.0,0.4065
agut1237,ukra1253,0.2342342342342342,0.1656330126918362,ukr,1.0,0.3503
sain1246,ukra1253,0.1711711711711711,0.1164131850118644,ukr,0.9175999760627747,0.3167
anka1246,ukra1253,0.1711711711711711,0.0516230516230516,ukr,1.0,0.4383
arif1239,ukra1253,0.2612612612612612,0.2026267993865682,ukr,1.0,0.4472
amel1241,ukra1253,0.1775700934579439,0.0657117702830827,ukr,1.0,0.4346
east2379,ukra1253,0.1545454545454545,0.062012987012987,ukr,1.0,0.4497
anem1248,ukra1253,0.2,0.0999255147603595,ukr,1.0,0.4472
agar1252,ukra1253,0.1351351351351351,0.081343779456987,ukr,1.0,0.4367
agua1253,ukra1253,0.1621621621621621,0.0735135135135135,ukr,1.0,0.4013
anga1290,ukra1253,0.1801801801801801,0.0739900230809321,ukr,1.0,0.4392
achu1248,ukra1253,0.1909090909090909,0.1027408321525968,ukr,1.0,0.3947
ambu1247,ukra1253,0.1818181818181818,0.0842124123720576,ukr,1.0,0.4273
inab1237,ukra1253,0.2342342342342342,0.171769707852182,ukr,1.0,0.3553
abau1245,ukra1253,0.1891891891891892,0.0846942002580399,ukr,1.0,0.4248
agua1252,ukra1253,0.209090909090909,0.1083773697566801,ukr,1.0,0.3793
agar1252,cebu1242,0.2432432432432432,0.1157458533802619,ceb,1.0,0.1172
abau1245,cebu1242,0.2432432432432432,0.1037360890302066,ceb,1.0,0.095
ambu1247,cebu1242,0.2545454545454545,0.1223513328776486,ceb,1.0,0.1008
sain1246,cebu1242,0.1981981981981982,0.1495600129746471,ceb,1.0,0.5098
cent2084,cebu1242,0.2962962962962963,0.1998331664998331,ceb,0.6935999989509583,0.0452
achi1256,cebu1242,0.2882882882882883,0.2499279260739362,ceb,1.0,0.4857
arif1239,cebu1242,0.3153153153153153,0.2014986391281459,ceb,0.7322999835014343,0.1363
ango1254,cebu1242,0.2612612612612612,0.1090154903104543,ceb,1.0,0.0938
anga1290,cebu1242,0.2612612612612612,0.1082368082368082,ceb,1.0,0.1211
agua1253,cebu1242,0.2612612612612612,0.1082368082368082,ceb,1.0,0.5117
agua1252,cebu1242,0.2909090909090909,0.2183489166984962,ceb,1.0,0.4841
anka1246,cebu1242,0.2522522522522522,0.1052563354721628,ceb,1.0,0.1191
anem1248,cebu1242,0.2571428571428571,0.1093363329583802,ceb,1.0,0.1351
amar1273,cebu1242,0.287037037037037,0.2216382658088448,ceb,0.7322999835014343,0.0846
amel1241,cebu1242,0.2710280373831775,0.1513256042654821,ceb,1.0,0.1142
achu1248,cebu1242,0.2636363636363636,0.1108036890645586,ceb,1.0,0.5119
agut1237,cebu1242,0.3153153153153153,0.2224630290668026,ceb,0.5803999900817871,0.0235
inab1237,cebu1242,0.3873873873873873,0.3535490000606279,ceb,0.6309999823570251,0.0186
east2379,cebu1242,0.2636363636363636,0.1108036890645586,ceb,1.0,0.1494
anem1248,egyp1253,0.238095238095238,0.0922849760059062,arz,1.0,0.4444
agar1252,egyp1253,0.2522522522522522,0.1435318451480904,arz,1.0,0.4347
abau1245,egyp1253,0.2252252252252252,0.1209852709852709,arz,1.0,0.4215
ango1254,egyp1253,0.2432432432432432,0.1213377218178418,arz,1.0,0.4208
cent2084,egyp1253,0.287037037037037,0.1742891278375149,arz,1.0,0.3367
sain1246,egyp1253,0.2702702702702703,0.1494886279722345,arz,1.0,0.3453
anka1246,egyp1253,0.2342342342342342,0.088906424672848,arz,1.0,0.4356
anga1290,egyp1253,0.2342342342342342,0.0915803021066179,arz,1.0,0.4368
agua1252,egyp1253,0.2545454545454545,0.1252574250876458,arz,1.0,0.4173
amel1241,egyp1253,0.2336448598130841,0.0956656118919714,arz,1.0,0.433
achu1248,egyp1253,0.2181818181818181,0.0893342877594846,arz,1.0,0.4152
ambu1247,egyp1253,0.2363636363636363,0.102379014020805,arz,1.0,0.4251
arif1239,egyp1253,0.2252252252252252,0.1505365659777424,arz,1.0,0.4453
amar1273,egyp1253,0.2407407407407407,0.1193899782135076,arz,1.0,0.3883
achi1256,egyp1253,0.2252252252252252,0.1271409081171284,arz,1.0,0.4159
east2379,egyp1253,0.2272727272727272,0.0916138125440451,arz,1.0,0.4314
agua1253,egyp1253,0.2342342342342342,0.1071286340103544,arz,1.0,0.4202
agut1237,egyp1253,0.2972972972972973,0.2353067353067353,arz,1.0,0.343
inab1237,egyp1253,0.2432432432432432,0.1532291527981183,arz,1.0,0.3524
anem1248,indo1316,0.2666666666666666,0.226428565219443,ind,1.0,0.1706
arif1239,indo1316,0.2882882882882883,0.215343866530657,ind,0.7699000239372253,0.1738
anka1246,indo1316,0.1441441441441441,0.0643768768768768,ind,1.0,0.1594
ambu1247,indo1316,0.2545454545454545,0.1646925922787991,ind,1.0,0.1493
achu1248,indo1316,0.2818181818181818,0.1952177234530175,ind,1.0,0.5193
agua1252,indo1316,0.1454545454545454,0.0790890324097155,ind,1.0,0.5121
amar1273,indo1316,0.1851851851851851,0.1387163561076604,ind,0.7699000239372253,0.0655
sain1246,indo1316,0.1621621621621621,0.0984826932195353,ind,1.0,0.5197
agut1237,indo1316,0.3153153153153153,0.2429730892197968,ind,0.64410001039505,0.0927
anga1290,indo1316,0.1801801801801801,0.1276633276633276,ind,1.0,0.1619
east2379,indo1316,0.2363636363636363,0.1658398308584892,ind,1.0,0.1308
abau1245,indo1316,0.2432432432432432,0.192469587818425,ind,1.0,0.1418
ango1254,indo1316,0.1801801801801801,0.1271209814355369,ind,1.0,0.1414
achi1256,indo1316,0.2252252252252252,0.1834075561629741,ind,1.0,0.513
inab1237,indo1316,0.2432432432432432,0.2335669002335668,ind,0.6854000091552734,0.1104
amel1241,indo1316,0.205607476635514,0.1536108751062022,ind,1.0,0.1597
agar1252,indo1316,0.2342342342342342,0.1053146169425239,ind,1.0,0.1604
agua1253,indo1316,0.2522522522522522,0.1359062867215041,ind,1.0,0.5178
cent2084,indo1316,0.2962962962962963,0.2199707783370869,ind,0.7373999953269958,0.1261
sain1246,hebr1245,0.2522522522522522,0.1941644347049752,heb,1.0,0.3561
agua1252,hebr1245,0.1909090909090909,0.1180302952598967,heb,1.0,0.4249
agut1237,hebr1245,0.3153153153153153,0.2845252320662156,heb,1.0,0.3314
arif1239,hebr1245,0.2612612612612612,0.1686340803045608,heb,1.0,0.4368
amel1241,hebr1245,0.1495327102803738,0.1103102175449619,heb,1.0,0.4241
anka1246,hebr1245,0.1621621621621621,0.0659753930781968,heb,1.0,0.4268
ango1254,hebr1245,0.1531531531531531,0.1092976083710224,heb,1.0,0.4114
ambu1247,hebr1245,0.1727272727272727,0.1285300099395978,heb,1.0,0.4159
agar1252,hebr1245,0.2252252252252252,0.1503053135237043,heb,1.0,0.4258
achi1256,hebr1245,0.2072072072072072,0.1616926850737613,heb,1.0,0.4236
achu1248,hebr1245,0.1727272727272727,0.1260231859993622,heb,1.0,0.4243
abau1245,hebr1245,0.2612612612612612,0.2032389020717706,heb,1.0,0.4121
cent2084,hebr1245,0.2777777777777778,0.2119423907996714,heb,1.0,0.3252
east2379,hebr1245,0.1818181818181818,0.136477777667709,heb,1.0,0.4228
agua1253,hebr1245,0.1081081081081081,0.0892741966743843,heb,1.0,0.4291
amar1273,hebr1245,0.287037037037037,0.2372787327465689,heb,1.0,0.378
anem1248,hebr1245,0.2666666666666666,0.2111200723263206,heb,1.0,0.436
inab1237,hebr1245,0.2702702702702703,0.256337846879529,heb,1.0,0.3411
anga1290,hebr1245,0.1621621621621621,0.0803878745055215,heb,1.0,0.428
agar1252,mala1479,0.2612612612612612,0.1504833188212749,zlm,1.0,0.1925
agua1252,mala1479,0.2,0.1223818833496253,zlm,1.0,0.5119
achi1256,mala1479,0.2792792792792792,0.2740035893349029,zlm,1.0,0.5127
agua1253,mala1479,0.1981981981981982,0.1352884071485025,zlm,1.0,0.5224
east2379,mala1479,0.1727272727272727,0.1329186852854564,zlm,1.0,0.1778
amar1273,mala1479,0.2314814814814814,0.1723054220345209,zlm,0.7699000239372253,0.1089
amel1241,mala1479,0.1588785046728972,0.0885198152059643,zlm,1.0,0.191
anka1246,mala1479,0.1441441441441441,0.0646825042864646,zlm,1.0,0.1925
anem1248,mala1479,0.2571428571428571,0.2160899205417194,zlm,1.0,0.2054
ango1254,mala1479,0.1801801801801801,0.0839768339768339,zlm,1.0,0.1715
anga1290,mala1479,0.1531531531531531,0.0748248248248248,zlm,1.0,0.1949
inab1237,mala1479,0.1801801801801801,0.1372825473949069,zlm,0.6854000091552734,0.1062
agut1237,mala1479,0.2972972972972973,0.24356759170192,zlm,0.64410001039505,0.0849
cent2084,mala1479,0.2592592592592592,0.2035308441558442,zlm,0.7373999953269958,0.1109
sain1246,mala1479,0.1891891891891892,0.1333695836541501,zlm,1.0,0.511
arif1239,mala1479,0.2072072072072072,0.1316597408130589,zlm,0.7699000239372253,0.2079
ambu1247,mala1479,0.2,0.1284457478005865,zlm,1.0,0.1793
achu1248,mala1479,0.1363636363636363,0.0655534941249227,zlm,1.0,0.5227
abau1245,mala1479,0.1981981981981982,0.1672315499863092,zlm,1.0,0.1721
amel1241,thai1261,0.1962616822429906,0.1040005632117147,tha,1.0,0.2134
agua1252,thai1261,0.2272727272727272,0.1259152108601313,tha,1.0,0.5009
agar1252,thai1261,0.2522522522522522,0.1060190625408016,tha,1.0,0.2158
achu1248,thai1261,0.2272727272727272,0.1054545454545454,tha,1.0,0.5198
anka1246,thai1261,0.2072072072072072,0.1301587586921807,tha,1.0,0.2169
east2379,thai1261,0.2454545454545454,0.1477203647416413,tha,1.0,0.2201
ambu1247,thai1261,0.2545454545454545,0.1302329877387027,tha,1.0,0.2011
cent2084,thai1261,0.2962962962962963,0.1704017767009893,tha,1.0,0.0939
ango1254,thai1261,0.2432432432432432,0.1565878378378378,tha,1.0,0.194
achi1256,thai1261,0.2522522522522522,0.1052563354721628,tha,1.0,0.5017
inab1237,thai1261,0.2702702702702703,0.1394970728304061,tha,1.0,0.1037
abau1245,thai1261,0.2612612612612612,0.1226393059726393,tha,1.0,0.1949
anem1248,thai1261,0.2761904761904762,0.1615549414723507,tha,1.0,0.231
sain1246,thai1261,0.2792792792792792,0.1605561605561605,tha,1.0,0.4971
agut1237,thai1261,0.2882882882882883,0.1581032904562316,tha,1.0,0.0858
amar1273,thai1261,0.2592592592592592,0.1075445816186556,tha,1.0,0.1503
anga1290,thai1261,0.1891891891891892,0.1129182960168875,tha,1.0,0.219
agua1253,thai1261,0.2612612612612612,0.1253451031676838,tha,1.0,0.5209
arif1239,thai1261,0.2612612612612612,0.1324100271468692,tha,1.0,0.2327
cent2084,dani1285,0.3148148148148148,0.285062599641856,dan,1.0,0.3567
anga1290,dani1285,0.1441441441441441,0.0363197843512804,dan,1.0,0.4512
inab1237,dani1285,0.2702702702702703,0.217231219398402,dan,1.0,0.3754
agua1253,dani1285,0.2612612612612612,0.2177216177216177,dan,1.0,0.3732
agar1252,dani1285,0.1981981981981982,0.1364624812900675,dan,1.0,0.4488
abau1245,dani1285,0.2162162162162162,0.1606550757949022,dan,1.0,0.4388
anem1248,dani1285,0.2761904761904762,0.2308739590912765,dan,1.0,0.4585
sain1246,dani1285,0.2432432432432432,0.2210650237215702,dan,0.9247999787330627,0.2826
amar1273,dani1285,0.2592592592592592,0.2203042328042328,dan,1.0,0.4294
achu1248,dani1285,0.209090909090909,0.1821805006587615,dan,1.0,0.3656
east2379,dani1285,0.209090909090909,0.1498344792462439,dan,1.0,0.4683
arif1239,dani1285,0.2792792792792792,0.2020790972593629,dan,1.0,0.4581
achi1256,dani1285,0.2162162162162162,0.1639999082274124,dan,1.0,0.3422
ango1254,dani1285,0.1621621621621621,0.0704659577610397,dan,1.0,0.4381
anka1246,dani1285,0.1441441441441441,0.0363197843512804,dan,1.0,0.4506
ambu1247,dani1285,0.1181818181818181,0.0750380145541435,dan,1.0,0.4405
agua1252,dani1285,0.1727272727272727,0.1102272727272727,dan,1.0,0.3432
agut1237,dani1285,0.3243243243243243,0.2790418433684293,dan,1.0,0.373
amel1241,dani1285,0.1962616822429906,0.172080833739291,dan,1.0,0.4466
anem1248,taga1270,0.2571428571428571,0.1281443584473887,tgl,1.0,0.1589
agut1237,taga1270,0.3963963963963964,0.2779033579033579,tgl,0.6161999702453613,0.0187
amel1241,taga1270,0.1869158878504672,0.1239680949542854,tgl,1.0,0.1375
agua1253,taga1270,0.2882882882882883,0.1820060863539124,tgl,1.0,0.5127
achi1256,taga1270,0.1981981981981982,0.1289960135241442,tgl,1.0,0.4831
east2379,taga1270,0.2636363636363636,0.2118300625059798,tgl,1.0,0.1757
amar1273,taga1270,0.25,0.1694148316656011,tgl,0.7531999945640564,0.1101
sain1246,taga1270,0.3513513513513513,0.2979322745801233,tgl,1.0,0.5037
ango1254,taga1270,0.2702702702702703,0.1919073500405003,tgl,1.0,0.1182
achu1248,taga1270,0.2272727272727272,0.1368332232739012,tgl,1.0,0.5121
arif1239,taga1270,0.3153153153153153,0.2281281281281281,tgl,0.7531999945640564,0.1597
anka1246,taga1270,0.1441441441441441,0.0787674396076496,tgl,1.0,0.143
anga1290,taga1270,0.1441441441441441,0.094301690853415,tgl,1.0,0.1448
cent2084,taga1270,0.324074074074074,0.2157480958451832,tgl,0.7179999947547913,0.0179
inab1237,taga1270,0.3603603603603603,0.2770706190061028,tgl,0.6614000201225281,0.0131
agar1252,taga1270,0.2342342342342342,0.1006339673006339,tgl,1.0,0.1408
ambu1247,taga1270,0.2727272727272727,0.1314194577352471,tgl,1.0,0.1245
agua1252,taga1270,0.2272727272727272,0.1569528619528619,tgl,1.0,0.4816
abau1245,taga1270,0.2792792792792792,0.1552711068840101,tgl,1.0,0.1194
amel1241,tami1289,0.1495327102803738,0.136059911251319,tam,1.0,0.2899
agut1237,tami1289,0.2342342342342342,0.1902254144901204,tam,1.0,0.178
agua1253,tami1289,0.3243243243243243,0.2881365140451813,tam,1.0,0.5105
abau1245,tami1289,0.2162162162162162,0.1180959103119346,tam,1.0,0.2729
cent2084,tami1289,0.2685185185185185,0.2187330440338596,tam,1.0,0.1871
agar1252,tami1289,0.2432432432432432,0.1341341341341341,tam,1.0,0.2914
inab1237,tami1289,0.2162162162162162,0.164021164021164,tam,1.0,0.1959
arif1239,tami1289,0.2792792792792792,0.199076602068962,tam,1.0,0.3056
anka1246,tami1289,0.1531531531531531,0.0543156059285091,tam,1.0,0.2917
achi1256,tami1289,0.1981981981981982,0.1447394990486645,tam,1.0,0.5061
amar1273,tami1289,0.25,0.1846621142917439,tam,1.0,0.2164
east2379,tami1289,0.2727272727272727,0.2362323100742553,tam,1.0,0.2753
agua1252,tami1289,0.2,0.1556324535679374,tam,1.0,0.5062
sain1246,tami1289,0.3513513513513513,0.3132435511966429,tam,1.0,0.4756
anem1248,tami1289,0.3238095238095238,0.2488780996269475,tam,1.0,0.3035
anga1290,tami1289,0.2162162162162162,0.1405171405171405,tam,1.0,0.2938
ambu1247,tami1289,0.1818181818181818,0.1204545454545454,tam,1.0,0.279
ango1254,tami1289,0.1531531531531531,0.0549254172204991,tam,1.0,0.2722
achu1248,tami1289,0.2181818181818181,0.1611149560992821,tam,1.0,0.5091
agua1252,roma1327,0.209090909090909,0.1243041606886657,ron,1.0,0.3817
ango1254,roma1327,0.1441441441441441,0.037500915549696,ron,1.0,0.4258
agut1237,roma1327,0.2252252252252252,0.1678754256901335,ron,1.0,0.3518
inab1237,roma1327,0.2342342342342342,0.1894574146910595,ron,1.0,0.3572
arif1239,roma1327,0.2072072072072072,0.1802214913326024,ron,1.0,0.449
anga1290,roma1327,0.1441441441441441,0.0363197843512804,ron,1.0,0.4409
anka1246,roma1327,0.1441441441441441,0.0369009009009009,ron,1.0,0.44
ambu1247,roma1327,0.1636363636363636,0.095044289044289,ron,1.0,0.4291
agua1253,roma1327,0.1801801801801801,0.1254331254331254,ron,1.0,0.4015
anem1248,roma1327,0.2285714285714285,0.1943500054484036,ron,1.0,0.4489
amar1273,roma1327,0.1944444444444444,0.1397441885909542,ron,1.0,0.4068
achu1248,roma1327,0.1909090909090909,0.128560243584167,ron,1.0,0.395
achi1256,roma1327,0.2162162162162162,0.1291632629244952,ron,1.0,0.3805
agar1252,roma1327,0.1711711711711711,0.0994981066252065,ron,1.0,0.4385
sain1246,roma1327,0.2342342342342342,0.1781940803306098,ron,0.5803999900817871,0.3171
cent2084,roma1327,0.2314814814814814,0.1680776014109347,ron,1.0,0.3388
east2379,roma1327,0.2818181818181818,0.2223313777287403,ron,1.0,0.4498
amel1241,roma1327,0.1308411214953271,0.0740500130300159,ron,1.0,0.4364
abau1245,roma1327,0.1621621621621621,0.1021006366156221,ron,1.0,0.4265
ango1254,beng1280,0.1711711711711711,0.0512165709016102,ben,1.0,0.2464
east2379,beng1280,0.1818181818181818,0.0925045299862995,ben,1.0,0.2749
cent2084,beng1280,0.1851851851851851,0.1115859727182249,ben,1.0,0.1361
inab1237,beng1280,0.3153153153153153,0.2852889519556186,ben,1.0,0.1535
agut1237,beng1280,0.2432432432432432,0.1842330269159537,ben,1.0,0.1402
achi1256,beng1280,0.2252252252252252,0.1385185363775908,ben,1.0,0.4901
achu1248,beng1280,0.2636363636363636,0.2056439305375475,ben,1.0,0.5096
ambu1247,beng1280,0.2,0.1242385932651419,ben,1.0,0.2527
sain1246,beng1280,0.2522522522522522,0.2127088223040247,ben,0.930400013923645,0.4735
amar1273,beng1280,0.1759259259259259,0.0651445679710235,ben,1.0,0.2091
anga1290,beng1280,0.1711711711711711,0.05003465003465,ben,1.0,0.2701
agua1253,beng1280,0.2612612612612612,0.2015236361974283,ben,1.0,0.5121
amel1241,beng1280,0.1869158878504672,0.086428964109008,ben,1.0,0.2644
agua1252,beng1280,0.2,0.1024329077146571,ben,1.0,0.4896
abau1245,beng1280,0.2072072072072072,0.1151515151515151,ben,1.0,0.2473
anem1248,beng1280,0.2761904761904762,0.2423376432629571,ben,1.0,0.282
anka1246,beng1280,0.1711711711711711,0.05003465003465,ben,1.0,0.2683
agar1252,beng1280,0.1351351351351351,0.0582901995282117,ben,1.0,0.2669
arif1239,beng1280,0.2432432432432432,0.1884368840890579,ben,1.0,0.2832
achu1248,urdu1245,0.1727272727272727,0.0508809020436927,urd,1.0,0.4868
amel1241,urdu1245,0.1962616822429906,0.0792991354789894,urd,1.0,0.3382
cent2084,urdu1245,0.1574074074074074,0.0661926807760141,urd,1.0,0.2236
sain1246,urdu1245,0.1801801801801801,0.0721832632071061,urd,0.930400013923645,0.4373
agut1237,urdu1245,0.1891891891891892,0.0904412376110489,urd,1.0,0.2261
abau1245,urdu1245,0.1621621621621621,0.0531220876048462,urd,1.0,0.3227
arif1239,urdu1245,0.1621621621621621,0.0838500838500838,urd,1.0,0.3543
anem1248,urdu1245,0.1619047619047619,0.0485714285714285,urd,1.0,0.3529
agua1252,urdu1245,0.1909090909090909,0.0840054084148572,urd,1.0,0.4788
agar1252,urdu1245,0.2072072072072072,0.1021247662757096,urd,1.0,0.3402
amar1273,urdu1245,0.1481481481481481,0.1087271179225202,urd,1.0,0.2798
achi1256,urdu1245,0.1981981981981982,0.1266300856944132,urd,1.0,0.4784
ango1254,urdu1245,0.1711711711711711,0.05003465003465,urd,1.0,0.3219
agua1253,urdu1245,0.1711711711711711,0.0504225155387946,urd,1.0,0.4901
anga1290,urdu1245,0.1711711711711711,0.05003465003465,urd,1.0,0.3429
inab1237,urdu1245,0.1891891891891892,0.0978649103649103,urd,1.0,0.2394
ambu1247,urdu1245,0.1636363636363636,0.0497454545454545,urd,1.0,0.3278
anka1246,urdu1245,0.1711711711711711,0.05003465003465,urd,1.0,0.3412
east2379,urdu1245,0.1636363636363636,0.04638511095204,urd,1.0,0.3369
anka1246,swed1254,0.1711711711711711,0.0934620334620334,swe,1.0,0.4353
achu1248,swed1254,0.2727272727272727,0.1422449687716863,swe,1.0,0.3795
agua1252,swed1254,0.3090909090909091,0.2030387088639516,swe,1.0,0.351
abau1245,swed1254,0.2702702702702703,0.1827609292919191,swe,1.0,0.4228
ambu1247,swed1254,0.2545454545454545,0.1220557851239669,swe,1.0,0.4244
agua1253,swed1254,0.2882882882882883,0.1603304797334648,swe,1.0,0.387
cent2084,swed1254,0.2962962962962963,0.1867415125866131,swe,1.0,0.3368
anga1290,swed1254,0.2342342342342342,0.1329683679483412,swe,1.0,0.4359
agut1237,swed1254,0.3063063063063063,0.2179791127159548,swe,1.0,0.3548
achi1256,swed1254,0.2972972972972973,0.2198964629949585,swe,1.0,0.3503
agar1252,swed1254,0.2882882882882883,0.1652234568265102,swe,1.0,0.4333
arif1239,swed1254,0.3243243243243243,0.2120016055659619,swe,1.0,0.4433
east2379,swed1254,0.3181818181818182,0.2235295210665676,swe,1.0,0.4569
anem1248,swed1254,0.2952380952380952,0.1970238095238095,swe,1.0,0.4438
inab1237,swed1254,0.3063063063063063,0.2097440182117601,swe,1.0,0.3564
amel1241,swed1254,0.2990654205607476,0.1791979639224241,swe,1.0,0.4309
ango1254,swed1254,0.2792792792792792,0.1558558558558558,swe,1.0,0.4221
sain1246,swed1254,0.3153153153153153,0.2063983488132094,swe,0.9247999787330627,0.2999
amar1273,swed1254,0.3333333333333333,0.2338546281528737,swe,1.0,0.4154
amar1273,hind1269,0.2685185185185185,0.2223189098189098,hin,1.0,0.2493
anga1290,hind1269,0.2072072072072072,0.1334057502478555,hin,1.0,0.3124
anem1248,hind1269,0.2761904761904762,0.2209703095779045,hin,1.0,0.3233
sain1246,hind1269,0.2522522522522522,0.2355634322847437,hin,0.930400013923645,0.4545
amel1241,hind1269,0.2429906542056074,0.1819163518033173,hin,1.0,0.3073
anka1246,hind1269,0.2522522522522522,0.1506253979372258,hin,1.0,0.3106
inab1237,hind1269,0.3423423423423423,0.3271807326452134,hin,1.0,0.203
east2379,hind1269,0.1909090909090909,0.1445856617145972,hin,1.0,0.3105
agut1237,hind1269,0.3513513513513513,0.3100666223953894,hin,1.0,0.1896
achi1256,hind1269,0.2342342342342342,0.2285972875554245,hin,1.0,0.4853
cent2084,hind1269,0.2962962962962963,0.2666569578801764,hin,1.0,0.1865
agua1252,hind1269,0.1909090909090909,0.1837972198798314,hin,1.0,0.4853
ango1254,hind1269,0.2252252252252252,0.1739638255767288,hin,1.0,0.2902
abau1245,hind1269,0.2612612612612612,0.1739039951805909,hin,1.0,0.291
achu1248,hind1269,0.2545454545454545,0.1675883657232294,hin,1.0,0.4988
agar1252,hind1269,0.2162162162162162,0.1614632053656444,hin,1.0,0.3095
arif1239,hind1269,0.2522522522522522,0.1847249634134879,hin,1.0,0.3246
agua1253,hind1269,0.2432432432432432,0.1812320081807187,hin,1.0,0.5017
ambu1247,hind1269,0.3090909090909091,0.2242326944493289,hin,1.0,0.2963
cent2084,port1283,0.1851851851851851,0.1036899333195629,por,1.0,0.4014
agua1252,port1283,0.209090909090909,0.1362790874814335,por,1.0,0.3235
anem1248,port1283,0.3142857142857143,0.2905527322918627,por,1.0,0.4881
amar1273,port1283,0.1851851851851851,0.1099981934467956,por,1.0,0.459
ambu1247,port1283,0.1636363636363636,0.0825311942959001,por,1.0,0.4737
amel1241,port1283,0.1775700934579439,0.0933659787955611,por,1.0,0.4789
arif1239,port1283,0.3063063063063063,0.2591980215509627,por,1.0,0.4879
inab1237,port1283,0.2972972972972973,0.2620005764716991,por,1.0,0.4173
achi1256,port1283,0.2432432432432432,0.1661394001819534,por,1.0,0.3216
anga1290,port1283,0.1441441441441441,0.07511950174885,por,1.0,0.4824
agut1237,port1283,0.1891891891891892,0.1064467064467064,por,1.0,0.4138
ango1254,port1283,0.2252252252252252,0.1529724529724529,por,1.0,0.4716
anka1246,port1283,0.1801801801801801,0.0855133892261098,por,1.0,0.4819
abau1245,port1283,0.2612612612612612,0.1835214676130319,por,1.0,0.4722
achu1248,port1283,0.2727272727272727,0.1972603519153354,por,1.0,0.3294
agua1253,port1283,0.2792792792792792,0.1966419166419166,por,1.0,0.3369
east2379,port1283,0.2636363636363636,0.2094848484848484,por,1.0,0.4906
agar1252,port1283,0.1531531531531531,0.1367136793939093,por,1.0,0.4805
sain1246,port1283,0.2252252252252252,0.1684515355401431,por,0.4269999861717224,0.2409
arif1239,czec1258,0.3333333333333333,0.273423842747151,ces,1.0,0.4582
agua1252,czec1258,0.1545454545454545,0.0907941645557744,ces,1.0,0.3598
amel1241,czec1258,0.1401869158878504,0.0670226969292389,ces,1.0,0.4464
achi1256,czec1258,0.1891891891891892,0.1259232550331187,ces,1.0,0.3586
abau1245,czec1258,0.1891891891891892,0.1169229800563522,ces,1.0,0.4377
inab1237,czec1258,0.2342342342342342,0.1730014589057142,ces,1.0,0.3721
amar1273,czec1258,0.2592592592592592,0.2119992441421012,ces,1.0,0.423
east2379,czec1258,0.2272727272727272,0.1817032036449512,ces,1.0,0.4632
anem1248,czec1258,0.238095238095238,0.1845408976987924,ces,1.0,0.4583
anga1290,czec1258,0.1441441441441441,0.0363197843512804,ces,1.0,0.4509
ango1254,czec1258,0.1531531531531531,0.0537564661435629,ces,1.0,0.437
sain1246,czec1258,0.1981981981981982,0.1345730757495463,ces,0.9247999787330627,0.2946
ambu1247,czec1258,0.1818181818181818,0.1144870500601726,ces,1.0,0.4398
cent2084,czec1258,0.1944444444444444,0.1618730814115025,ces,1.0,0.3537
anka1246,czec1258,0.1441441441441441,0.0363197843512804,ces,1.0,0.4502
achu1248,czec1258,0.2272727272727272,0.1719990508719278,ces,1.0,0.3762
agar1252,czec1258,0.2252252252252252,0.171764393386015,ces,1.0,0.4485
agua1253,czec1258,0.2612612612612612,0.1627712905603372,ces,1.0,0.3832
agut1237,czec1258,0.2612612612612612,0.2204559643584034,ces,1.0,0.3682
anka1246,russ1263,0.1621621621621621,0.0658112658112658,rus,1.0,0.3521
east2379,russ1263,0.2636363636363636,0.2314260603829981,rus,1.0,0.3773
amar1273,russ1263,0.1759259259259259,0.0917427088924673,rus,1.0,0.3225
achu1248,russ1263,0.209090909090909,0.1651456611902859,rus,1.0,0.4556
cent2084,russ1263,0.2685185185185185,0.220324414150104,rus,1.0,0.2275
amel1241,russ1263,0.1682242990654205,0.1303728683667018,rus,1.0,0.3468
ango1254,russ1263,0.1891891891891892,0.1121087260622144,rus,1.0,0.3339
ambu1247,russ1263,0.2363636363636363,0.1930402664852425,rus,1.0,0.3376
arif1239,russ1263,0.2162162162162162,0.1794041401884539,rus,1.0,0.3637
agut1237,russ1263,0.2342342342342342,0.185590744806431,rus,1.0,0.2477
anga1290,russ1263,0.1441441441441441,0.0638049814520402,rus,1.0,0.3531
achi1256,russ1263,0.2162162162162162,0.0982678718527775,rus,1.0,0.4218
inab1237,russ1263,0.2972972972972973,0.2620187187299697,rus,1.0,0.2505
agua1253,russ1263,0.2612612612612612,0.21048748385409,rus,1.0,0.4612
anem1248,russ1263,0.1809523809523809,0.1264939880290269,rus,1.0,0.3639
sain1246,russ1263,0.2882882882882883,0.2468246674830461,rus,0.907800018787384,0.3961
agar1252,russ1263,0.1351351351351351,0.0466036284218102,rus,1.0,0.3497
agua1252,russ1263,0.1818181818181818,0.0937023478089308,rus,1.0,0.4216
abau1245,russ1263,0.1711711711711711,0.1171455845124262,rus,1.0,0.3349
anga1290,dutc1256,0.1711711711711711,0.0828118259104174,nld,1.0,0.4598
east2379,dutc1256,0.3090909090909091,0.224649788128049,nld,1.0,0.4749
achu1248,dutc1256,0.3,0.1881509240360915,nld,1.0,0.3564
sain1246,dutc1256,0.2162162162162162,0.1777691977691977,nld,0.9386000037193298,0.2715
agua1253,dutc1256,0.2252252252252252,0.1319237108710793,nld,1.0,0.364
ango1254,dutc1256,0.1531531531531531,0.0866154920743528,nld,1.0,0.4473
anem1248,dutc1256,0.3047619047619048,0.2758620689655172,nld,1.0,0.4667
amar1273,dutc1256,0.2777777777777778,0.2026257267636577,nld,1.0,0.4377
anka1246,dutc1256,0.1531531531531531,0.0598837717826202,nld,1.0,0.4593
agar1252,dutc1256,0.2252252252252252,0.1199755285605842,nld,1.0,0.4575
abau1245,dutc1256,0.1981981981981982,0.1532449575045923,nld,1.0,0.448
ambu1247,dutc1256,0.1545454545454545,0.1045010351966873,nld,1.0,0.4496
agut1237,dutc1256,0.3513513513513513,0.2980323319875558,nld,1.0,0.384
achi1256,dutc1256,0.1981981981981982,0.1678338223229864,nld,1.0,0.3362
inab1237,dutc1256,0.2972972972972973,0.2701357466063348,nld,1.0,0.3866
arif1239,dutc1256,0.2792792792792792,0.1681498829039812,nld,1.0,0.4664
agua1252,dutc1256,0.1818181818181818,0.1323135177680632,nld,1.0,0.3375
cent2084,dutc1256,0.3055555555555556,0.2410118655558692,nld,1.0,0.3686
amel1241,dutc1256,0.1962616822429906,0.1452263148249954,nld,1.0,0.4555
cent2084,poli1260,0.2685185185185185,0.2217861444487461,pol,1.0,0.3443
achu1248,poli1260,0.2545454545454545,0.171456786664799,pol,1.0,0.3828
anga1290,poli1260,0.1711711711711711,0.0512165709016102,pol,1.0,0.444
amar1273,poli1260,0.2129629629629629,0.1485156605846261,pol,1.0,0.4163
agut1237,poli1260,0.2522522522522522,0.2169132727197243,pol,1.0,0.3595
agar1252,poli1260,0.1621621621621621,0.1298173424933988,pol,1.0,0.4415
achi1256,poli1260,0.2252252252252252,0.1213036936307376,pol,1.0,0.3627
ambu1247,poli1260,0.209090909090909,0.1703770796268754,pol,1.0,0.4325
agua1252,poli1260,0.1818181818181818,0.0986435786435786,pol,1.0,0.3638
east2379,poli1260,0.2181818181818181,0.1592860422405876,pol,1.0,0.4579
anem1248,poli1260,0.2285714285714285,0.1911502290812635,pol,1.0,0.4517
arif1239,poli1260,0.2702702702702703,0.2202254381210927,pol,1.0,0.4516
amel1241,poli1260,0.205607476635514,0.1404054922272929,pol,1.0,0.4394
sain1246,poli1260,0.2162162162162162,0.1827064112778398,pol,0.9175999760627747,0.3025
inab1237,poli1260,0.2612612612612612,0.236298070032182,pol,1.0,0.3632
agua1253,poli1260,0.2612612612612612,0.1693204193204193,pol,1.0,0.3899
abau1245,poli1260,0.2882882882882883,0.2293051249917029,pol,1.0,0.4304
ango1254,poli1260,0.1891891891891892,0.1098353011396489,pol,1.0,0.4297
anka1246,poli1260,0.1711711711711711,0.05003465003465,pol,1.0,0.4433
inab1237,croa1245,0.1981981981981982,0.1425650290788262,hrv,1.0,0.374
anka1246,croa1245,0.1801801801801801,0.066389638706257,hrv,1.0,0.4525
amel1241,croa1245,0.1682242990654205,0.0850856697819314,hrv,1.0,0.4491
achi1256,croa1245,0.1711711711711711,0.0670455401638197,hrv,1.0,0.3676
cent2084,croa1245,0.1851851851851851,0.1050965495409939,hrv,1.0,0.3563
agut1237,croa1245,0.2792792792792792,0.2035475546536516,hrv,1.0,0.369
achu1248,croa1245,0.1818181818181818,0.137049062049062,hrv,1.0,0.3798
agua1253,croa1245,0.1891891891891892,0.144536483367068,hrv,1.0,0.3865
amar1273,croa1245,0.1851851851851851,0.0754236017393912,hrv,1.0,0.4212
agar1252,croa1245,0.1441441441441441,0.0957641422757701,hrv,1.0,0.451
agua1252,croa1245,0.1818181818181818,0.0826143645795766,hrv,1.0,0.369
anga1290,croa1245,0.1621621621621621,0.049694856146469,hrv,1.0,0.4533
abau1245,croa1245,0.1891891891891892,0.10882053449634,hrv,1.0,0.4399
ango1254,croa1245,0.1711711711711711,0.0689748477359096,hrv,1.0,0.4392
arif1239,croa1245,0.2612612612612612,0.2042255705046402,hrv,1.0,0.4608
east2379,croa1245,0.1636363636363636,0.0928645364536453,hrv,1.0,0.4614
sain1246,croa1245,0.2072072072072072,0.1196222324935196,hrv,0.930400013923645,0.2992
ambu1247,croa1245,0.1454545454545454,0.0744419807834441,hrv,1.0,0.4423
anem1248,croa1245,0.2095238095238095,0.1294711885968716,hrv,1.0,0.4607
anka1246,ital1282,0.2162162162162162,0.1579750109161874,ita,1.0,0.4606
inab1237,ital1282,0.2522522522522522,0.2103936814081741,ita,1.0,0.385
sain1246,ital1282,0.2252252252252252,0.1661303592338075,ita,0.5295000076293945,0.2884
agua1252,ital1282,0.1727272727272727,0.1484071484071484,ita,1.0,0.3627
arif1239,ital1282,0.2702702702702703,0.2337550867852779,ita,1.0,0.4684
anga1290,ital1282,0.2252252252252252,0.1724829605086198,ita,1.0,0.4614
achu1248,ital1282,0.2727272727272727,0.1836553216604367,ita,1.0,0.3704
amel1241,ital1282,0.1682242990654205,0.1227287985560387,ita,1.0,0.4574
agar1252,ital1282,0.1981981981981982,0.1624313173608948,ita,1.0,0.4592
anem1248,ital1282,0.1809523809523809,0.1575753834504158,ita,1.0,0.4683
agua1253,ital1282,0.2252252252252252,0.146752860804255,ita,1.0,0.3771
achi1256,ital1282,0.2432432432432432,0.208747852130205,ita,1.0,0.3611
east2379,ital1282,0.2636363636363636,0.1604052273617491,ita,1.0,0.4679
ambu1247,ital1282,0.1909090909090909,0.118998201189982,ita,1.0,0.4509
cent2084,ital1282,0.2129629629629629,0.1571088814567075,ita,1.0,0.3679
ango1254,ital1282,0.1531531531531531,0.1137509602625881,ita,1.0,0.4479
amar1273,ital1282,0.2129629629629629,0.1802316248136681,ita,1.0,0.4296
abau1245,ital1282,0.1891891891891892,0.1347789933522098,ita,1.0,0.4485
agut1237,ital1282,0.2972972972972973,0.2589859603763942,ita,1.0,0.3799
achu1248,viet1252,0.2272727272727272,0.1371703598245654,vie,1.0,0.5171
east2379,viet1252,0.1909090909090909,0.1191844919786096,vie,1.0,0.2187
agua1252,viet1252,0.1818181818181818,0.0691905936000424,vie,1.0,0.4916
arif1239,viet1252,0.2072072072072072,0.1443976690212727,vie,1.0,0.2192
cent2084,viet1252,0.2407407407407407,0.1735152696556205,vie,1.0,0.0654
agar1252,viet1252,0.2162162162162162,0.1411745619727449,vie,1.0,0.2014
anka1246,viet1252,0.1711711711711711,0.05003465003465,vie,1.0,0.2031
anem1248,viet1252,0.2952380952380952,0.2169500307652449,vie,1.0,0.218
inab1237,viet1252,0.2072072072072072,0.1368062098981469,vie,1.0,0.0809
amar1273,viet1252,0.2129629629629629,0.1321783699234679,vie,1.0,0.1488
ango1254,viet1252,0.1801801801801801,0.0672393323556114,vie,1.0,0.1795
sain1246,viet1252,0.2072072072072072,0.1553577500438938,vie,1.0,0.4952
ambu1247,viet1252,0.2454545454545454,0.1483210483210483,vie,1.0,0.1861
agut1237,viet1252,0.2342342342342342,0.1664781498541089,vie,1.0,0.0672
abau1245,viet1252,0.2522522522522522,0.177561412344021,vie,1.0,0.1805
agua1253,viet1252,0.2252252252252252,0.1629418384317389,vie,1.0,0.5185
amel1241,viet1252,0.2149532710280373,0.1398519698762101,vie,1.0,0.1986
anga1290,viet1252,0.1711711711711711,0.05003465003465,vie,1.0,0.205
achi1256,viet1252,0.2522522522522522,0.183673469387755,vie,1.0,0.4926
cent2084,basq1248,0.1944444444444444,0.1510651904244581,eus,0.9724,0.3943
sain1246,basq1248,0.2522522522522522,0.2499482736324841,eus,0.9638,0.2499
agua1252,basq1248,0.2545454545454545,0.2179866954689649,eus,0.9766,0.3299
inab1237,basq1248,0.2792792792792792,0.235222649637064,eus,0.9766,0.4106
arif1239,basq1248,0.1531531531531531,0.0800492457889565,eus,0.9687,0.4838
amel1241,basq1248,0.1775700934579439,0.1696198290955528,eus,0.9766,0.4744
abau1245,basq1248,0.1531531531531531,0.1234178277656538,eus,0.9896,0.4673
agar1252,basq1248,0.1081081081081081,0.0714212645247128,eus,0.9766,0.4761
ango1254,basq1248,0.3153153153153153,0.2352663222228439,eus,0.9896,0.4667
anka1246,basq1248,0.1711711711711711,0.118287827901898,eus,0.9819,0.4774
anga1290,basq1248,0.1801801801801801,0.1476543833280076,eus,0.9896,0.478
agua1253,basq1248,0.2702702702702703,0.2355877117911417,eus,0.9896,0.3448
achu1248,basq1248,0.2,0.208819957471995,eus,0.9852,0.3374
east2379,basq1248,0.2545454545454545,0.2218698196657238,eus,0.9791,0.4867
anem1248,basq1248,0.1619047619047619,0.1258652428831991,eus,0.9852,0.484
agut1237,basq1248,0.1891891891891892,0.151324089161927,eus,0.9791,0.407
achi1256,basq1248,0.2342342342342342,0.1833325226835485,eus,0.9744,0.3281
ambu1247,basq1248,0.1909090909090909,0.1447722870404386,eus,0.9819,0.469
amar1273,basq1248,0.1666666666666666,0.1506802227063664,eus,0.9687,0.4536
agua1252,hung1274,0.1818181818181818,0.1476421468826532,hun,1.0,0.3724
amar1273,hung1274,0.3333333333333333,0.2508206801948819,hun,1.0,0.4155
ango1254,hung1274,0.1981981981981982,0.1190755973364669,hun,1.0,0.433
inab1237,hung1274,0.3063063063063063,0.2555787261669615,hun,1.0,0.3664
agar1252,hung1274,0.1891891891891892,0.1096096096096096,hun,1.0,0.4452
arif1239,hung1274,0.3153153153153153,0.2130255255255255,hun,1.0,0.4552
amel1241,hung1274,0.1869158878504672,0.122511417054679,hun,1.0,0.4431
achu1248,hung1274,0.2636363636363636,0.1498316498316498,hun,1.0,0.3856
achi1256,hung1274,0.2432432432432432,0.2218523191496164,hun,1.0,0.3711
cent2084,hung1274,0.3055555555555556,0.2484723555515867,hun,1.0,0.3482
east2379,hung1274,0.2727272727272727,0.1379509379509379,hun,1.0,0.457
sain1246,hung1274,0.1981981981981982,0.1581518191687683,hun,1.0,0.3058
agut1237,hung1274,0.2792792792792792,0.2310572550168633,hun,1.0,0.3614
abau1245,hung1274,0.2702702702702703,0.161251324854266,hun,1.0,0.4337
agua1253,hung1274,0.2702702702702703,0.1552166097620643,hun,1.0,0.3923
anga1290,hung1274,0.2162162162162162,0.1235941824177118,hun,1.0,0.4475
anem1248,hung1274,0.3333333333333333,0.2244872712917825,hun,1.0,0.4552
anka1246,hung1274,0.1801801801801801,0.1083061083061083,hun,1.0,0.4467
ambu1247,hung1274,0.2636363636363636,0.1394503171247357,hun,1.0,0.4361
agut1237,finn1318,0.3063063063063063,0.2656307190468681,fin,1.0,0.339
east2379,finn1318,0.3,0.1868851148851149,fin,1.0,0.4464
ambu1247,finn1318,0.2454545454545454,0.1509479728128551,fin,1.0,0.4091
anem1248,finn1318,0.2571428571428571,0.1423558897243108,fin,1.0,0.4295
agar1252,finn1318,0.2162162162162162,0.1395102992117917,fin,1.0,0.4183
achi1256,finn1318,0.2252252252252252,0.1747142100083276,fin,1.0,0.3543
agua1253,finn1318,0.2702702702702703,0.1277240744394029,fin,1.0,0.3967
inab1237,finn1318,0.2522522522522522,0.2384943341561806,fin,1.0,0.3395
ango1254,finn1318,0.2252252252252252,0.1372102439518169,fin,1.0,0.4068
agua1252,finn1318,0.1727272727272727,0.132189689557191,fin,1.0,0.3547
cent2084,finn1318,0.2592592592592592,0.207497826077688,fin,1.0,0.3191
arif1239,finn1318,0.3153153153153153,0.2346252154083819,fin,1.0,0.4288
sain1246,finn1318,0.1981981981981982,0.139924996767102,fin,1.0,0.3132
abau1245,finn1318,0.2522522522522522,0.1726115221226471,fin,1.0,0.4076
amar1273,finn1318,0.2685185185185185,0.2367506436376168,fin,1.0,0.4033
achu1248,finn1318,0.2818181818181818,0.1404399118969315,fin,1.0,0.3892
anka1246,finn1318,0.1531531531531531,0.0771579126296107,fin,1.0,0.4206
amel1241,finn1318,0.205607476635514,0.1488836889966232,fin,1.0,0.4158
anga1290,finn1318,0.1711711711711711,0.110196816079169,fin,1.0,0.4211
east2379,serb1264,0.2363636363636363,0.1925031465828429,srp,1.0,0.4534
arif1239,serb1264,0.2522522522522522,0.2310581786170278,srp,1.0,0.4542
agut1237,serb1264,0.2972972972972973,0.2644146947819101,srp,1.0,0.3584
anga1290,serb1264,0.1441441441441441,0.0568964686611745,srp,1.0,0.4463
abau1245,serb1264,0.3063063063063063,0.2598902229039215,srp,1.0,0.4322
anka1246,serb1264,0.1531531531531531,0.0631043131043131,srp,1.0,0.4454
inab1237,serb1264,0.2882882882882883,0.2634037199254591,srp,1.0,0.3641
ambu1247,serb1264,0.1727272727272727,0.1374868374868375,srp,1.0,0.4348
agua1252,serb1264,0.2272727272727272,0.1678130089088993,srp,1.0,0.3803
cent2084,serb1264,0.2962962962962963,0.2152850342505514,srp,1.0,0.3462
agar1252,serb1264,0.1081081081081081,0.0870779754767516,srp,1.0,0.444
ango1254,serb1264,0.1621621621621621,0.1027285027285027,srp,1.0,0.4315
anem1248,serb1264,0.219047619047619,0.1920144155303553,srp,1.0,0.454
amel1241,serb1264,0.1588785046728972,0.1024570480436384,srp,1.0,0.442
sain1246,serb1264,0.2882882882882883,0.2164209664209664,srp,0.930400013923645,0.3124
amar1273,serb1264,0.2407407407407407,0.1930359905636973,srp,1.0,0.4114
achi1256,serb1264,0.1621621621621621,0.1413304618392058,srp,1.0,0.379
achu1248,serb1264,0.2363636363636363,0.1666501976284584,srp,1.0,0.3908
agua1253,serb1264,0.2252252252252252,0.1633776633776633,srp,1.0,0.3973
