,task_lang,transfer_lang,accuracy,f1_score,transfer_language,genetic,geographic,syntactic,inventory,phonological,featural
0,arif1239,stan1293,0.2702702702702703,0.262160301223008,eng,1.0,0.5428800200270782,0.6707,1.3375,1.2006,0.8158
1,amel1241,stan1293,0.205607476635514,0.142536564760547,eng,1.0,0.5428800200270782,0.573,0.5375,0.276,0.6064
2,abau1245,stan1293,0.2342342342342342,0.2011792999170278,eng,1.0,0.5428800200270782,0.5577,0.5716,0.7298,0.5807
3,anem1248,stan1293,0.2095238095238095,0.1739353856020522,eng,1.0,0.5428800200270782,0.6843,1.3375,1.2006,0.823
4,ambu1247,stan1293,0.1636363636363636,0.1027831656545515,eng,1.0,0.5428800200270782,0.5287,0.5375,0.6044,0.5475
5,agar1252,stan1293,0.1711711711711711,0.1293626960293626,eng,1.0,0.5428800200270782,0.6368,1.3375,1.2006,0.7982
6,cent2084,stan1293,0.287037037037037,0.2148773127033996,eng,1.0,0.44782287281812805,0.4305,1.3375,1.2006,0.662
7,agua1253,stan1293,0.1711711711711711,0.1370613196828219,eng,1.0,0.5713704934608786,0.4885,0.6128,0.6022,0.4925
8,anga1290,stan1293,0.1801801801801801,0.091055341055341,eng,1.0,0.5428800200270782,0.5442,0.529,0.5303,0.5491
9,east2379,stan1293,0.2,0.1748141351402221,eng,1.0,0.583795790902294,0.5022,0.5366,0.4326,0.5237
10,achi1256,stan1293,0.1801801801801801,0.0986187296866908,eng,1.0,0.49786935220917133,0.5014,1.3375,1.2006,0.6968
11,anka1246,stan1293,0.1081081081081081,0.0518890984007263,eng,1.0,0.5428800200270782,0.6843,1.3375,1.2006,0.823
12,achu1248,stan1293,0.2636363636363636,0.2048999507064023,eng,1.0,0.5506400813317914,0.4476,0.5184,0.6529,0.4534
13,agut1237,stan1293,0.2612612612612612,0.2121046107532594,eng,1.0,0.44782287281812805,0.4831,1.3375,1.2006,0.6789
14,inab1237,stan1293,0.3063063063063063,0.2677656795022811,eng,1.0,0.44782287281812805,0.6843,1.3375,1.2006,0.823
15,agua1252,stan1293,0.2,0.1349934123847167,eng,1.0,0.49786935220917133,0.6707,1.3375,1.15,0.8134
16,ango1254,stan1293,0.1801801801801801,0.1181655938217749,eng,1.0,0.5428800200270782,0.6036,1.3375,1.2006,0.783
17,amar1273,stan1293,0.1666666666666666,0.1075258912744664,eng,1.0,0.48444160884135307,0.6843,1.3375,1.2006,0.823
18,sain1246,stan1293,0.2432432432432432,0.2002222561544595,eng,0.9386000037193298,0.3309597459422684,0.6843,1.3375,1.2006,0.823
19,east2379,stan1288,0.2545454545454545,0.1820050387886951,spa,1.0,0.7427864554303816,0.4419,0.5424,0.6527,0.4734
20,amel1241,stan1288,0.2616822429906542,0.1469751439313916,spa,1.0,0.7068400442786124,0.3054,0.5329,0.4685,0.2944
21,agut1237,stan1288,0.3063063063063063,0.2427613435520118,spa,1.0,0.7505253534579264,0.5222,1.2476,1.3012,0.7039
22,achi1256,stan1288,0.2882882882882883,0.187057687057687,spa,1.0,0.19041825367991339,0.5506,1.2476,1.3012,0.7213
23,anga1290,stan1288,0.1621621621621621,0.0948529814509196,spa,1.0,0.7068400442786124,0.5237,0.5002,0.6946,0.5525
24,abau1245,stan1288,0.2792792792792792,0.2007354948531419,spa,1.0,0.7068400442786124,0.4825,0.4562,0.8706,0.5001
25,ango1254,stan1288,0.2252252252252252,0.1670054022995199,spa,1.0,0.7068400442786124,0.3485,1.2476,1.3012,0.531
26,achu1248,stan1288,0.2545454545454545,0.1399923605805958,spa,1.0,0.19167321395875925,0.5339,0.5096,0.7583,0.6002
27,anem1248,stan1288,0.1619047619047619,0.0940402697902045,spa,1.0,0.7068400442786124,0.4606,1.2476,1.3012,0.58
28,anka1246,stan1288,0.1891891891891892,0.1058075656475917,spa,1.0,0.7068400442786124,0.4606,1.2476,1.3012,0.58
29,arif1239,stan1288,0.2522522522522522,0.1060190625408016,spa,1.0,0.7068400442786124,0.4387,1.2476,1.3012,0.5693
30,ambu1247,stan1288,0.1818181818181818,0.1278789860025558,spa,1.0,0.7068400442786124,0.4433,0.4338,0.7634,0.4767
31,cent2084,stan1288,0.25,0.1384884228920926,spa,1.0,0.7505253534579264,0.52,1.2476,1.3012,0.7035
32,agua1253,stan1288,0.2612612612612612,0.1242690058479532,spa,1.0,0.21766778151127042,0.5622,0.5894,0.7829,0.6159
33,sain1246,stan1288,0.2792792792792792,0.173654107720668,spa,0.460099995136261,0.21776030878667132,0.4606,1.2476,1.3012,0.58
34,agar1252,stan1288,0.2612612612612612,0.1245318045318045,spa,1.0,0.7068400442786124,0.3964,1.2476,1.3012,0.5498
35,inab1237,stan1288,0.2342342342342342,0.19437170089344,spa,1.0,0.7505253534579264,0.4606,1.2476,1.3012,0.58
36,amar1273,stan1288,0.287037037037037,0.1854199026612819,spa,1.0,0.7899759060749157,0.4606,1.2476,1.3012,0.58
37,agua1252,stan1288,0.209090909090909,0.1365418894830659,spa,1.0,0.19041825367991339,0.4364,1.2476,1.2809,0.5659
38,abau1245,stan1295,0.2162162162162162,0.133675349205979,deu,1.0,0.6725621960973254,0.4595,0.5939,0.7771,0.4929
39,anga1290,stan1295,0.1441441441441441,0.0363197843512804,deu,1.0,0.6725621960973254,0.4905,0.5484,0.5996,0.5315
40,sain1246,stan1295,0.1621621621621621,0.0795795795795795,deu,0.9247999787330629,0.23429340933036802,0.4297,1.3198,1.2237,0.5873
41,ango1254,stan1295,0.1531531531531531,0.0537564661435629,deu,1.0,0.6725621960973254,0.3101,1.3198,1.2237,0.541
42,ambu1247,stan1295,0.2,0.1111259605746742,deu,1.0,0.6725621960973254,0.3879,0.5565,0.6561,0.4474
43,agut1237,stan1295,0.2432432432432432,0.1685394667850808,deu,1.0,0.5275968753037936,0.4931,1.3198,1.2237,0.7083
44,east2379,stan1295,0.1818181818181818,0.0952848321269373,deu,1.0,0.7222194242540498,0.3983,0.6349,0.5126,0.4517
45,arif1239,stan1295,0.2522522522522522,0.1365365365365365,deu,1.0,0.6725621960973254,0.3991,1.3198,1.2237,0.5735
46,amar1273,stan1295,0.2129629629629629,0.1388099976171616,deu,1.0,0.5699620490183913,0.4297,1.3198,1.2237,0.5873
47,agar1252,stan1295,0.2522522522522522,0.1325114893099464,deu,1.0,0.6725621960973254,0.3411,1.3198,1.2237,0.5497
48,amel1241,stan1295,0.1401869158878504,0.0703426791277258,deu,1.0,0.6725621960973254,0.2465,0.5372,0.3891,0.2586
49,achu1248,stan1295,0.1636363636363636,0.0974104683195592,deu,1.0,0.5052907691552011,0.5033,0.5372,0.7093,0.5805
50,anka1246,stan1295,0.1441441441441441,0.0363197843512804,deu,1.0,0.6725621960973254,0.4297,1.3198,1.2237,0.5873
51,cent2084,stan1295,0.2685185185185185,0.1583570750237417,deu,1.0,0.5275968753037936,0.5072,1.3198,1.2237,0.7167
52,inab1237,stan1295,0.2162162162162162,0.1379361516629876,deu,1.0,0.5275968753037936,0.4297,1.3198,1.2237,0.5873
53,agua1253,stan1295,0.1441441441441441,0.0783655083655083,deu,1.0,0.5171181843287418,0.5316,0.5971,0.615,0.5926
54,agua1252,stan1295,0.1545454545454545,0.0859634076615208,deu,1.0,0.46539055957081044,0.4039,1.3198,1.1755,0.5725
55,anem1248,stan1295,0.2666666666666666,0.1544444444444444,deu,1.0,0.6725621960973254,0.4297,1.3198,1.2237,0.5873
56,achi1256,stan1295,0.1531531531531531,0.0841749312337547,deu,1.0,0.46539055957081044,0.524,1.3198,1.2237,0.7263
57,amar1273,nucl1643,0.1851851851851851,0.0815152570638464,jpn,1.0,0.2489157212905042,0.6448,1.2827,1.3245,0.796
58,amel1241,nucl1643,0.1588785046728972,0.0604558383510029,jpn,1.0,0.2501059794812795,0.5083,0.4672,0.4935,0.5756
59,agua1253,nucl1643,0.1801801801801801,0.1298760150111501,jpn,1.0,0.7704670397705542,0.4565,0.5113,0.6787,0.4639
60,achi1256,nucl1643,0.1801801801801801,0.0681901211556384,jpn,1.0,0.6093972822395937,0.48,1.2827,1.3245,0.6719
61,cent2084,nucl1643,0.1759259259259259,0.0682773109243697,jpn,1.0,0.1662313301655135,0.4227,1.2827,1.3245,0.638
62,inab1237,nucl1643,0.2342342342342342,0.1272291448536659,jpn,1.0,0.1662313301655135,0.6448,1.2827,1.3245,0.796
63,east2379,nucl1643,0.2,0.121612972050352,jpn,1.0,0.3536470783460139,0.4506,0.5272,0.6128,0.4992
64,anka1246,nucl1643,0.1801801801801801,0.0877514877514877,jpn,1.0,0.2501059794812795,0.6448,1.2827,1.3245,0.796
65,abau1245,nucl1643,0.2252252252252252,0.1701578271143097,jpn,1.0,0.2501059794812795,0.5098,0.5091,0.8754,0.5448
66,anga1290,nucl1643,0.1531531531531531,0.0697482988540849,jpn,1.0,0.2501059794812795,0.4852,0.5253,0.5959,0.5092
67,agar1252,nucl1643,0.1711711711711711,0.0939218788681154,jpn,1.0,0.2501059794812795,0.5806,1.2827,1.3245,0.7627
68,ambu1247,nucl1643,0.1727272727272727,0.0965292092970478,jpn,1.0,0.2501059794812795,0.4533,0.5549,0.8116,0.5113
69,agut1237,nucl1643,0.2702702702702703,0.2229399985692214,jpn,1.0,0.1662313301655135,0.493,1.2827,1.3245,0.671
70,arif1239,nucl1643,0.2612612612612612,0.1958039672325386,jpn,1.0,0.2501059794812795,0.6229,1.2827,1.3245,0.7843
71,sain1246,nucl1643,0.1801801801801801,0.0894539146516765,jpn,1.0,0.6052572184198827,0.6448,1.2827,1.3245,0.796
72,anem1248,nucl1643,0.2761904761904762,0.2311573497830279,jpn,1.0,0.2501059794812795,0.6448,1.2827,1.3245,0.796
73,ango1254,nucl1643,0.1621621621621621,0.0853825372687265,jpn,1.0,0.2501059794812795,0.5542,1.2827,1.3245,0.7521
74,agua1252,nucl1643,0.1818181818181818,0.0713551569967624,jpn,1.0,0.6093972822395937,0.6285,1.2827,1.27,0.785
75,achu1248,nucl1643,0.1909090909090909,0.133200939507147,jpn,1.0,0.7422234044265639,0.3882,0.418,0.6667,0.3969
76,abau1245,stan1290,0.1981981981981982,0.0995656813838632,fra,1.0,0.7137146957994192,0.5532,0.5868,0.789,0.5802
77,sain1246,stan1290,0.2252252252252252,0.1463397231818284,fra,0.0001999999949475,0.2132088580091662,0.6489,1.3331,1.2677,0.813
78,achu1248,stan1290,0.1636363636363636,0.0485795454545454,fra,1.0,0.46733893374943286,0.4244,0.5327,0.6385,0.4375
79,agua1252,stan1290,0.1818181818181818,0.0700639498432601,fra,1.0,0.46488239609773885,0.6344,1.3331,1.2237,0.8033
80,amel1241,stan1290,0.205607476635514,0.1051329817197624,fra,1.0,0.7137146957994192,0.5298,0.5327,0.369,0.5904
81,amar1273,stan1290,0.2037037037037037,0.1166789204423612,fra,1.0,0.6022868276671031,0.6489,1.3331,1.2677,0.813
82,achi1256,stan1290,0.1801801801801801,0.0784909077592004,fra,1.0,0.46488239609773885,0.4612,1.3331,1.2677,0.6817
83,agar1252,stan1290,0.2072072072072072,0.1276172724448586,fra,1.0,0.7137146957994192,0.5964,1.3331,1.2677,0.7869
84,ango1254,stan1290,0.1711711711711711,0.0504225155387946,fra,1.0,0.7137146957994192,0.575,1.3331,1.2677,0.7791
85,cent2084,stan1290,0.1944444444444444,0.1210674658260551,fra,1.0,0.576134142637103,0.418,1.3331,1.2677,0.6614
86,agut1237,stan1290,0.2342342342342342,0.1545236681281562,fra,1.0,0.576134142637103,0.4497,1.3331,1.2677,0.6685
87,anka1246,stan1290,0.1711711711711711,0.0504225155387946,fra,1.0,0.7137146957994192,0.6489,1.3331,1.2677,0.813
88,anga1290,stan1290,0.1711711711711711,0.05003465003465,fra,1.0,0.7137146957994192,0.51,0.5435,0.623,0.5328
89,arif1239,stan1290,0.2342342342342342,0.1741464001917817,fra,1.0,0.7137146957994192,0.6344,1.3331,1.2677,0.8058
90,anem1248,stan1290,0.1809523809523809,0.0929693961952026,fra,1.0,0.7137146957994192,0.6489,1.3331,1.2677,0.813
91,inab1237,stan1290,0.2072072072072072,0.1229464758876523,fra,1.0,0.576134142637103,0.6489,1.3331,1.2677,0.813
92,agua1253,stan1290,0.1891891891891892,0.0837040677040677,fra,1.0,0.4788936431791643,0.4601,0.6283,0.5849,0.4742
93,east2379,stan1290,0.1818181818181818,0.0804618768328445,fra,1.0,0.7310889640692756,0.4919,0.5985,0.5433,0.5296
94,ambu1247,stan1290,0.1636363636363636,0.0736229287953425,fra,1.0,0.7137146957994192,0.5006,0.4933,0.6755,0.5314
95,agut1237,mand1415,0.3693693693693693,0.2833833833833833,cmn,1.0,0.16562499533408745,0.4699,1.3108,1.2832,0.6705
96,amar1273,mand1415,0.3148148148148148,0.2446152703505644,cmn,1.0,0.22403300519393682,0.6499,1.3108,1.2832,0.781
97,agua1253,mand1415,0.2792792792792792,0.1651651651651651,cmn,1.0,0.848548474023974,0.4601,0.6293,0.6685,0.4829
98,agua1252,mand1415,0.2363636363636363,0.1594885389053485,cmn,1.0,0.7020368656921542,0.628,1.3108,1.2364,0.7664
99,anga1290,mand1415,0.1801801801801801,0.0675453997304391,cmn,1.0,0.3190902265338196,0.5004,0.5383,0.4891,0.505
100,amel1241,mand1415,0.1869158878504672,0.1152899558962511,cmn,1.0,0.3190902265338196,0.5469,0.6034,0.3891,0.568
101,anem1248,mand1415,0.2285714285714285,0.1383116883116883,cmn,1.0,0.3190902265338196,0.6499,1.3108,1.2832,0.781
102,east2379,mand1415,0.2272727272727272,0.1689725596983661,cmn,1.0,0.37833809918079087,0.472,0.5239,0.5126,0.4912
103,sain1246,mand1415,0.2522522522522522,0.1808666321824216,cmn,1.0,0.5804532292026415,0.6499,1.3108,1.2832,0.781
104,achi1256,mand1415,0.3243243243243243,0.2559370787626655,cmn,1.0,0.7020368656921542,0.4687,1.3108,1.2832,0.6753
105,anka1246,mand1415,0.1711711711711711,0.05003465003465,cmn,1.0,0.3190902265338196,0.6499,1.3108,1.2832,0.781
106,ambu1247,mand1415,0.209090909090909,0.1229796618475863,cmn,1.0,0.3190902265338196,0.491,0.5466,0.6936,0.5203
107,cent2084,mand1415,0.3055555555555556,0.1848466981132075,cmn,1.0,0.16562499533408745,0.4124,1.3108,1.2832,0.6466
108,abau1245,mand1415,0.2792792792792792,0.1979066777901955,cmn,1.0,0.3190902265338196,0.5154,0.6052,0.8155,0.546
109,achu1248,mand1415,0.2272727272727272,0.1368539011065975,cmn,1.0,0.8234024272390549,0.3923,0.5267,0.7093,0.4242
110,ango1254,mand1415,0.1621621621621621,0.0711410498644541,cmn,1.0,0.3190902265338196,0.5723,1.3108,1.2832,0.7425
111,inab1237,mand1415,0.3333333333333333,0.2928024178024178,cmn,1.0,0.16562499533408745,0.6499,1.3108,1.2832,0.781
112,agar1252,mand1415,0.2612612612612612,0.1236984352773826,cmn,1.0,0.3190902265338196,0.5918,1.3108,1.2832,0.7501
113,arif1239,mand1415,0.2792792792792792,0.1763513165782735,cmn,1.0,0.3190902265338196,0.6261,1.3108,1.2832,0.7679
114,achi1256,ukra1253,0.1711711711711711,0.0662567329233995,ukr,1.0,0.5397680895805113,0.4286,1.2579,0.8723,0.6234
115,cent2084,ukra1253,0.1851851851851851,0.126255661075097,ukr,1.0,0.4528058896973313,0.3501,1.2579,0.8723,0.584
116,ango1254,ukra1253,0.1621621621621621,0.0509269600178691,ukr,1.0,0.6075367577030851,0.4982,1.2579,0.8723,0.6873
117,amar1273,ukra1253,0.1944444444444444,0.1260164299637984,ukr,1.0,0.4918159898688716,0.5965,1.2579,0.8723,0.7342
118,agut1237,ukra1253,0.2342342342342342,0.1656330126918362,ukr,1.0,0.4528058896973313,0.4357,1.2579,0.8723,0.6173
119,sain1246,ukra1253,0.1711711711711711,0.1164131850118644,ukr,0.9175999760627748,0.310495265506848,0.5965,1.2579,0.8723,0.7342
120,anka1246,ukra1253,0.1711711711711711,0.0516230516230516,ukr,1.0,0.6075367577030851,0.5965,1.2579,0.8723,0.7342
121,arif1239,ukra1253,0.2612612612612612,0.2026267993865682,ukr,1.0,0.6075367577030851,0.5752,1.2579,0.8723,0.7231
122,amel1241,ukra1253,0.1775700934579439,0.0657117702830827,ukr,1.0,0.6075367577030851,0.5138,0.4519,0.6036,0.5656
123,east2379,ukra1253,0.1545454545454545,0.062012987012987,ukr,1.0,0.6487067004703904,0.4625,0.5749,0.5566,0.5069
124,anem1248,ukra1253,0.2,0.0999255147603595,ukr,1.0,0.6075367577030851,0.5965,1.2579,0.8723,0.7342
125,agar1252,ukra1253,0.1351351351351351,0.081343779456987,ukr,1.0,0.6075367577030851,0.5259,1.2579,0.8723,0.6981
126,agua1253,ukra1253,0.1621621621621621,0.0735135135135135,ukr,1.0,0.5973959814036216,0.4557,0.5772,0.7416,0.4709
127,anga1290,ukra1253,0.1801801801801801,0.0739900230809321,ukr,1.0,0.6075367577030851,0.4866,0.5603,0.6782,0.5086
128,achu1248,ukra1253,0.1909090909090909,0.1027408321525968,ukr,1.0,0.5864796587982939,0.3697,0.524,0.7323,0.4061
129,ambu1247,ukra1253,0.1818181818181818,0.0842124123720576,ukr,1.0,0.6075367577030851,0.47,0.5009,0.1973,0.4779
130,inab1237,ukra1253,0.2342342342342342,0.171769707852182,ukr,1.0,0.4528058896973313,0.5965,1.2579,0.8723,0.7342
131,abau1245,ukra1253,0.1891891891891892,0.0846942002580399,ukr,1.0,0.6075367577030851,0.4837,0.5243,0.2875,0.4946
132,agua1252,ukra1253,0.209090909090909,0.1083773697566801,ukr,1.0,0.5397680895805113,0.5752,1.2579,0.8653,0.7225
133,agar1252,cebu1242,0.2432432432432432,0.1157458533802619,ceb,1.0,0.1597477695992498,0.3694,1.2148,0.8723,0.561
134,abau1245,cebu1242,0.2432432432432432,0.1037360890302066,ceb,1.0,0.1597477695992498,0.3255,0.4569,0.2875,0.3398
135,ambu1247,cebu1242,0.2545454545454545,0.1223513328776486,ceb,1.0,0.1597477695992498,0.3524,0.3971,0.1973,0.3441
136,sain1246,cebu1242,0.1981981981981982,0.1495600129746471,ceb,1.0,0.7333759445680647,0.3677,1.2148,0.8723,0.5566
137,cent2084,cebu1242,0.2962962962962963,0.1998331664998331,ceb,0.6935999989509583,0.000366309616699592,0.4714,1.2148,0.8723,0.6308
138,achi1256,cebu1242,0.2882882882882883,0.2499279260739362,ceb,1.0,0.7627038762071301,0.3679,1.2148,0.8723,0.5749
139,arif1239,cebu1242,0.3153153153153153,0.2014986391281459,ceb,0.7322999835014343,0.1597477695992498,0.3458,1.2148,0.8723,0.5478
140,ango1254,cebu1242,0.2612612612612612,0.1090154903104543,ceb,1.0,0.1597477695992498,0.3827,1.2148,0.8723,0.5713
141,anga1290,cebu1242,0.2612612612612612,0.1082368082368082,ceb,1.0,0.1597477695992498,0.3553,0.4155,0.6333,0.4135
142,agua1253,cebu1242,0.2612612612612612,0.1082368082368082,ceb,1.0,0.905653675142968,0.3485,0.4923,0.6953,0.4208
143,agua1252,cebu1242,0.2909090909090909,0.2183489166984962,ceb,1.0,0.7627038762071301,0.3375,1.2148,0.8378,0.5418
144,anka1246,cebu1242,0.2522522522522522,0.1052563354721628,ceb,1.0,0.1597477695992498,0.3677,1.2148,0.8723,0.5566
145,anem1248,cebu1242,0.2571428571428571,0.1093363329583802,ceb,1.0,0.1597477695992498,0.3677,1.2148,0.8723,0.5566
146,amar1273,cebu1242,0.287037037037037,0.2216382658088448,ceb,0.7322999835014343,0.0837708311478146,0.3677,1.2148,0.8723,0.5566
147,amel1241,cebu1242,0.2710280373831775,0.1513256042654821,ceb,1.0,0.1597477695992498,0.3956,0.3971,0.6482,0.4294
148,achu1248,cebu1242,0.2636363636363636,0.1108036890645586,ceb,1.0,0.8839881156488084,0.4123,0.3971,0.691,0.4532
149,agut1237,cebu1242,0.3153153153153153,0.2224630290668026,ceb,0.5803999900817871,0.000366309616699592,0.3716,1.2148,0.8723,0.5727
150,inab1237,cebu1242,0.3873873873873873,0.3535490000606279,ceb,0.6309999823570251,0.000366309616699592,0.3677,1.2148,0.8723,0.5566
151,east2379,cebu1242,0.2636363636363636,0.1108036890645586,ceb,1.0,0.21705897392175605,0.4309,0.4449,0.5065,0.4437
152,anem1248,egyp1253,0.238095238095238,0.0922849760059062,arz,1.0,0.6409278559982571,0.6027,1.3287,1.2677,0.7818
153,agar1252,egyp1253,0.2522522522522522,0.1435318451480904,arz,1.0,0.6409278559982571,0.5501,1.3287,1.2677,0.7571
154,abau1245,egyp1253,0.2252252252252252,0.1209852709852709,arz,1.0,0.6409278559982571,0.4836,0.5425,0.7521,0.5197
155,ango1254,egyp1253,0.2432432432432432,0.1213377218178418,arz,1.0,0.6409278559982571,0.4985,1.3287,1.2677,0.7355
156,cent2084,egyp1253,0.287037037037037,0.1742891278375149,arz,1.0,0.4848956263086518,0.4039,1.3287,1.2677,0.6549
157,sain1246,egyp1253,0.2702702702702703,0.1494886279722345,arz,1.0,0.3435782191178086,0.6027,1.3287,1.2677,0.7818
158,anka1246,egyp1253,0.2342342342342342,0.088906424672848,arz,1.0,0.6409278559982571,0.6027,1.3287,1.2677,0.7818
159,anga1290,egyp1253,0.2342342342342342,0.0915803021066179,arz,1.0,0.6409278559982571,0.4796,0.5579,0.623,0.5062
160,agua1252,egyp1253,0.2545454545454545,0.1252574250876458,arz,1.0,0.6037193525447014,0.5791,1.3287,1.2532,0.7686
161,amel1241,egyp1253,0.2336448598130841,0.0956656118919714,arz,1.0,0.6409278559982571,0.4674,0.5278,0.369,0.5474
162,achu1248,egyp1253,0.2181818181818181,0.0893342877594846,arz,1.0,0.597076457073668,0.4105,0.5657,0.7252,0.4429
163,ambu1247,egyp1253,0.2363636363636363,0.102379014020805,arz,1.0,0.6409278559982571,0.4722,0.547,0.6755,0.5069
164,arif1239,egyp1253,0.2252252252252252,0.1505365659777424,arz,1.0,0.6409278559982571,0.583,1.3287,1.2677,0.7723
165,amar1273,egyp1253,0.2407407407407407,0.1193899782135076,arz,1.0,0.4914231153229676,0.6027,1.3287,1.2677,0.7818
166,achi1256,egyp1253,0.2252252252252252,0.1271409081171284,arz,1.0,0.6037193525447014,0.454,1.3287,1.2677,0.6766
167,east2379,egyp1253,0.2272727272727272,0.0916138125440451,arz,1.0,0.6289390235263362,0.4389,0.5945,0.5433,0.5029
168,agua1253,egyp1253,0.2342342342342342,0.1071286340103544,arz,1.0,0.5954563335796157,0.476,0.5647,0.6871,0.4895
169,agut1237,egyp1253,0.2972972972972973,0.2353067353067353,arz,1.0,0.4848956263086518,0.4475,1.3287,1.2677,0.6708
170,inab1237,egyp1253,0.2432432432432432,0.1532291527981183,arz,1.0,0.4848956263086518,0.6027,1.3287,1.2677,0.7818
171,anem1248,indo1316,0.2666666666666666,0.226428565219443,ind,1.0,0.15747503963988438,0.5255,1.263,1.2006,0.6696
172,arif1239,indo1316,0.2882882882882883,0.215343866530657,ind,0.7699000239372253,0.15747503963988438,0.5079,1.263,1.2006,0.661
173,anka1246,indo1316,0.1441441441441441,0.0643768768768768,ind,1.0,0.15747503963988438,0.5255,1.263,1.2006,0.6696
174,ambu1247,indo1316,0.2545454545454545,0.1646925922787991,ind,1.0,0.15747503963988438,0.3764,0.4081,0.6449,0.3906
175,achu1248,indo1316,0.2818181818181818,0.1952177234530175,ind,1.0,0.9100011840101352,0.4491,0.4603,0.7002,0.4729
176,agua1252,indo1316,0.1454545454545454,0.0790890324097155,ind,1.0,0.8320771937423831,0.5079,1.263,1.1196,0.6569
177,amar1273,indo1316,0.1851851851851851,0.1387163561076604,ind,0.7699000239372253,0.000765445237994229,0.5255,1.263,1.2006,0.6696
178,sain1246,indo1316,0.1621621621621621,0.0984826932195353,ind,1.0,0.7953054096238213,0.5255,1.263,1.2006,0.6696
179,agut1237,indo1316,0.3153153153153153,0.2429730892197968,ind,0.64410001039505,0.08392023133706686,0.4508,1.263,1.2006,0.6414
180,anga1290,indo1316,0.1801801801801801,0.1276633276633276,ind,1.0,0.15747503963988438,0.4744,0.3951,0.586,0.4997
181,east2379,indo1316,0.2363636363636363,0.1658398308584892,ind,1.0,0.16017577864007462,0.4051,0.5007,0.4947,0.4153
182,abau1245,indo1316,0.2432432432432432,0.192469587818425,ind,1.0,0.15747503963988438,0.394,0.481,0.7704,0.4119
183,ango1254,indo1316,0.1801801801801801,0.1271209814355369,ind,1.0,0.15747503963988438,0.429,1.263,1.2006,0.6265
184,achi1256,indo1316,0.2252252252252252,0.1834075561629741,ind,1.0,0.8320771937423831,0.4878,1.263,1.2006,0.6595
185,inab1237,indo1316,0.2432432432432432,0.2335669002335668,ind,0.6854000091552734,0.08392023133706686,0.5255,1.263,1.2006,0.6696
186,amel1241,indo1316,0.205607476635514,0.1536108751062022,ind,1.0,0.15747503963988438,0.4005,0.4603,0.276,0.4285
187,agar1252,indo1316,0.2342342342342342,0.1053146169425239,ind,1.0,0.15747503963988438,0.4709,1.263,1.2006,0.6436
188,agua1253,indo1316,0.2522522522522522,0.1359062867215041,ind,1.0,0.9103233229021549,0.4749,0.5349,0.6022,0.4947
189,cent2084,indo1316,0.2962962962962963,0.2199707783370869,ind,0.7373999953269958,0.08392023133706686,0.4459,1.263,1.2006,0.6511
190,sain1246,hebr1245,0.2522522522522522,0.1941644347049752,heb,1.0,0.34237859152171574,0.6041,1.2261,0.9198,0.7375
191,agua1252,hebr1245,0.1909090909090909,0.1180302952598967,heb,1.0,0.5893668963487687,0.5829,1.2261,0.8583,0.7235
192,agut1237,hebr1245,0.3153153153153153,0.2845252320662156,heb,1.0,0.4629579466552266,0.4549,1.2261,0.9198,0.6201
193,arif1239,hebr1245,0.2612612612612612,0.1686340803045608,heb,1.0,0.6132398068003208,0.5829,1.2261,0.9198,0.7263
194,amel1241,hebr1245,0.1495327102803738,0.1103102175449619,heb,1.0,0.6132398068003208,0.4476,0.574,0.7176,0.5417
195,anka1246,hebr1245,0.1621621621621621,0.0659753930781968,heb,1.0,0.6132398068003208,0.6041,1.2261,0.9198,0.7375
196,ango1254,hebr1245,0.1531531531531531,0.1092976083710224,heb,1.0,0.6132398068003208,0.5111,1.2261,0.9198,0.6926
197,ambu1247,hebr1245,0.1727272727272727,0.1285300099395978,heb,1.0,0.6132398068003208,0.4618,0.5508,0.3519,0.4854
198,agar1252,hebr1245,0.2252252252252252,0.1503053135237043,heb,1.0,0.6132398068003208,0.5463,1.2261,0.9198,0.7079
199,achi1256,hebr1245,0.2072072072072072,0.1616926850737613,heb,1.0,0.5893668963487687,0.466,1.2261,0.9198,0.6313
200,achu1248,hebr1245,0.1727272727272727,0.1260231859993622,heb,1.0,0.6025704025863272,0.4102,0.502,0.7176,0.437
201,abau1245,hebr1245,0.2612612612612612,0.2032389020717706,heb,1.0,0.6132398068003208,0.4852,0.5819,0.4315,0.5118
202,cent2084,hebr1245,0.2777777777777778,0.2119423907996714,heb,1.0,0.4629579466552266,0.3861,1.2261,0.9198,0.5922
203,east2379,hebr1245,0.1818181818181818,0.136477777667709,heb,1.0,0.619024446406147,0.4516,0.6179,0.6736,0.513
204,agua1253,hebr1245,0.1081081081081081,0.0892741966743843,heb,1.0,0.6060051616376056,0.487,0.5638,0.6267,0.4967
205,amar1273,hebr1245,0.287037037037037,0.2372787327465689,heb,1.0,0.47956535376861903,0.6041,1.2261,0.9198,0.7375
206,anem1248,hebr1245,0.2666666666666666,0.2111200723263206,heb,1.0,0.6132398068003208,0.6041,1.2261,0.9198,0.7375
207,inab1237,hebr1245,0.2702702702702703,0.256337846879529,heb,1.0,0.4629579466552266,0.6041,1.2261,0.9198,0.7375
208,anga1290,hebr1245,0.1621621621621621,0.0803878745055215,heb,1.0,0.6132398068003208,0.4953,0.518,0.7506,0.5179
209,agar1252,mala1479,0.2612612612612612,0.1504833188212749,zlm,1.0,0.19407551715488577,0.4695,1.263,0.8723,0.6623
210,agua1252,mala1479,0.2,0.1223818833496253,zlm,1.0,0.8424352906645644,0.4605,1.263,0.8378,0.6535
211,achi1256,mala1479,0.2792792792792792,0.2740035893349029,zlm,1.0,0.8424352906645644,0.2614,1.263,0.8723,0.5427
212,agua1253,mala1479,0.1981981981981982,0.1352884071485025,zlm,1.0,0.9482383433021715,0.2663,0.5593,0.6953,0.3455
213,east2379,mala1479,0.1727272727272727,0.1329186852854564,zlm,1.0,0.19875197127999897,0.4508,0.5994,0.5566,0.4793
214,amar1273,mala1479,0.2314814814814814,0.1723054220345209,zlm,0.7699000239372253,0.04134037456810978,0.4799,1.263,0.8723,0.6642
215,amel1241,mala1479,0.1588785046728972,0.0885198152059643,zlm,1.0,0.19407551715488577,0.5055,0.5081,0.6482,0.5537
216,anka1246,mala1479,0.1441441441441441,0.0646825042864646,zlm,1.0,0.19407551715488577,0.4799,1.263,0.8723,0.6642
217,anem1248,mala1479,0.2571428571428571,0.2160899205417194,zlm,1.0,0.19407551715488577,0.4799,1.263,0.8723,0.6642
218,ango1254,mala1479,0.1801801801801801,0.0839768339768339,zlm,1.0,0.19407551715488577,0.4875,1.263,0.8723,0.6752
219,anga1290,mala1479,0.1531531531531531,0.0748248248248248,zlm,1.0,0.19407551715488577,0.3117,0.4987,0.6782,0.3995
220,inab1237,mala1479,0.1801801801801801,0.1372825473949069,zlm,0.6854000091552734,0.08641770480397429,0.4799,1.263,0.8723,0.6642
221,agut1237,mala1479,0.2972972972972973,0.24356759170192,zlm,0.64410001039505,0.08641770480397429,0.3313,1.263,0.8723,0.5641
222,cent2084,mala1479,0.2592592592592592,0.2035308441558442,zlm,0.7373999953269958,0.08641770480397429,0.4005,1.263,0.8723,0.6044
223,sain1246,mala1479,0.1891891891891892,0.1333695836541501,zlm,1.0,0.7581028439504837,0.4799,1.263,0.8723,0.6642
224,arif1239,mala1479,0.2072072072072072,0.1316597408130589,zlm,0.7699000239372253,0.19407551715488577,0.4605,1.263,0.8723,0.6554
225,ambu1247,mala1479,0.2,0.1284457478005865,zlm,1.0,0.19407551715488577,0.4415,0.4603,0.1973,0.4613
226,achu1248,mala1479,0.1363636363636363,0.0655534941249227,zlm,1.0,0.942033743519103,0.329,0.5307,0.7323,0.3743
227,abau1245,mala1479,0.1981981981981982,0.1672315499863092,zlm,1.0,0.19407551715488577,0.3975,0.5547,0.357,0.4434
228,amel1241,thai1261,0.1962616822429906,0.1040005632117147,tha,1.0,0.2726314984206924,0.4001,0.442,0.33,0.4185
229,agua1252,thai1261,0.2272727272727272,0.1259152108601313,tha,1.0,0.8165097515896054,0.5095,1.2969,1.1547,0.6629
230,agar1252,thai1261,0.2522522522522522,0.1060190625408016,tha,1.0,0.2726314984206924,0.4861,1.2969,1.238,0.6566
231,achu1248,thai1261,0.2272727272727272,0.1054545454545454,tha,1.0,0.9363875425286351,0.4587,0.4654,0.7374,0.4843
232,anka1246,thai1261,0.2072072072072072,0.1301587586921807,tha,1.0,0.2726314984206924,0.531,1.2969,1.238,0.6777
233,east2379,thai1261,0.2454545454545454,0.1477203647416413,tha,1.0,0.29121680817408746,0.4019,0.5258,0.4744,0.4161
234,ambu1247,thai1261,0.2545454545454545,0.1302329877387027,tha,1.0,0.2726314984206924,0.3615,0.4879,0.7506,0.3874
235,cent2084,thai1261,0.2962962962962963,0.1704017767009893,tha,1.0,0.12165031035247799,0.4806,1.2969,1.238,0.6788
236,ango1254,thai1261,0.2432432432432432,0.1565878378378378,tha,1.0,0.2726314984206924,0.4361,1.2969,1.238,0.6353
237,achi1256,thai1261,0.2522522522522522,0.1052563354721628,tha,1.0,0.8165097515896054,0.4919,1.2969,1.238,0.6755
238,inab1237,thai1261,0.2702702702702703,0.1394970728304061,tha,1.0,0.12165031035247799,0.531,1.2969,1.238,0.6777
239,abau1245,thai1261,0.2612612612612612,0.1226393059726393,tha,1.0,0.2726314984206924,0.3685,0.5045,0.844,0.3993
240,anem1248,thai1261,0.2761904761904762,0.1615549414723507,tha,1.0,0.2726314984206924,0.531,1.2969,1.238,0.6777
241,sain1246,thai1261,0.2792792792792792,0.1605561605561605,tha,1.0,0.6680261612647143,0.531,1.2969,1.238,0.6777
242,agut1237,thai1261,0.2882882882882883,0.1581032904562316,tha,1.0,0.12165031035247799,0.472,1.2969,1.238,0.6638
243,amar1273,thai1261,0.2592592592592592,0.1075445816186556,tha,1.0,0.13310226538448186,0.531,1.2969,1.238,0.6777
244,anga1290,thai1261,0.1891891891891892,0.1129182960168875,tha,1.0,0.2726314984206924,0.4809,0.5002,0.5122,0.5068
245,agua1253,thai1261,0.2612612612612612,0.1253451031676838,tha,1.0,0.9567658837264355,0.4839,0.5522,0.6462,0.5087
246,arif1239,thai1261,0.2612612612612612,0.1324100271468692,tha,1.0,0.2726314984206924,0.5095,1.2969,1.238,0.667
247,cent2084,dani1285,0.3148148148148148,0.285062599641856,dan,1.0,0.514915844511253,0.4243,0.0,0.0,0.3663
248,anga1290,dani1285,0.1441441441441441,0.0363197843512804,dan,1.0,0.6616666425748631,0.4768,1.2031,1.0323,0.6413
249,inab1237,dani1285,0.2702702702702703,0.217231219398402,dan,1.0,0.514915844511253,0.6189,0.0,0.0,0.5448
250,agua1253,dani1285,0.2612612612612612,0.2177216177216177,dan,1.0,0.5236864245757562,0.4398,1.165,1.0351,0.5991
251,agar1252,dani1285,0.1981981981981982,0.1364624812900675,dan,1.0,0.6616666425748631,0.5648,0.0,0.0,0.5096
252,abau1245,dani1285,0.2162162162162162,0.1606550757949022,dan,1.0,0.6616666425748631,0.5475,1.1783,0.739,0.6724
253,anem1248,dani1285,0.2761904761904762,0.2308739590912765,dan,1.0,0.6616666425748631,0.6189,0.0,0.0,0.5448
254,sain1246,dani1285,0.2432432432432432,0.2210650237215702,dan,0.9247999787330629,0.2442288682877848,0.6189,0.0,0.0,0.5448
255,amar1273,dani1285,0.2592592592592592,0.2203042328042328,dan,1.0,0.5642406554177651,0.6189,0.0,0.0,0.5448
256,achu1248,dani1285,0.209090909090909,0.1821805006587615,dan,1.0,0.5106525463794475,0.4022,1.209,1.0622,0.597
257,east2379,dani1285,0.209090909090909,0.1498344792462439,dan,1.0,0.7228165188161415,0.5055,1.2476,1.0622,0.6806
258,arif1239,dani1285,0.2792792792792792,0.2020790972593629,dan,1.0,0.6616666425748631,0.6039,0.0,0.0,0.5348
259,achi1256,dani1285,0.2162162162162162,0.1639999082274124,dan,1.0,0.45815690346459664,0.4411,0.0,0.0,0.3864
260,ango1254,dani1285,0.1621621621621621,0.0704659577610397,dan,1.0,0.6616666425748631,0.5566,0.0,0.0,0.5036
261,anka1246,dani1285,0.1441441441441441,0.0363197843512804,dan,1.0,0.6616666425748631,0.6189,0.0,0.0,0.5448
262,ambu1247,dani1285,0.1181818181818181,0.0750380145541435,dan,1.0,0.6616666425748631,0.4956,1.209,0.8723,0.6591
263,agua1252,dani1285,0.1727272727272727,0.1102272727272727,dan,1.0,0.45815690346459664,0.6039,0.0,0.2048,0.5373
264,agut1237,dani1285,0.3243243243243243,0.2790418433684293,dan,1.0,0.514915844511253,0.4351,0.0,0.0,0.3682
265,amel1241,dani1285,0.1962616822429906,0.172080833739291,dan,1.0,0.6616666425748631,0.5545,1.209,1.1892,0.7185
266,anem1248,taga1270,0.2571428571428571,0.1281443584473887,tgl,1.0,0.209497657565528,0.5106,1.2779,1.2141,0.6768
267,agut1237,taga1270,0.3963963963963964,0.2779033579033579,tgl,0.6161999702453613,0.06419893091353171,0.4086,1.2779,1.2141,0.6155
268,amel1241,taga1270,0.1869158878504672,0.1239680949542854,tgl,1.0,0.209497657565528,0.4106,0.4597,0.2914,0.4582
269,agua1253,taga1270,0.2882882882882883,0.1820060863539124,tgl,1.0,0.8522162903908962,0.4424,0.5532,0.6331,0.4736
270,achi1256,taga1270,0.1981981981981982,0.1289960135241442,tgl,1.0,0.7140014544715702,0.4558,1.2779,1.2141,0.6443
271,east2379,taga1270,0.2636363636363636,0.2118300625059798,tgl,1.0,0.26835255449375595,0.4419,0.5008,0.4513,0.4498
272,amar1273,taga1270,0.25,0.1694148316656011,tgl,0.7531999945640564,0.14363527156148084,0.5106,1.2779,1.2141,0.6768
273,sain1246,taga1270,0.3513513513513513,0.2979322745801233,tgl,1.0,0.6746136562947413,0.5106,1.2779,1.2141,0.6768
274,ango1254,taga1270,0.2702702702702703,0.1919073500405003,tgl,1.0,0.209497657565528,0.454,1.2779,1.2141,0.6546
275,achu1248,taga1270,0.2272727272727272,0.1368332232739012,tgl,1.0,0.8295701372865919,0.4296,0.4597,0.7282,0.4527
276,arif1239,taga1270,0.3153153153153153,0.2281281281281281,tgl,0.7531999945640564,0.209497657565528,0.4909,1.2779,1.2141,0.6674
277,anka1246,taga1270,0.1441441441441441,0.0787674396076496,tgl,1.0,0.209497657565528,0.5106,1.2779,1.2141,0.6768
278,anga1290,taga1270,0.1441441441441441,0.094301690853415,tgl,1.0,0.209497657565528,0.4287,0.4487,0.5541,0.4701
279,cent2084,taga1270,0.324074074074074,0.2157480958451832,tgl,0.7179999947547913,0.06419893091353171,0.4292,1.2779,1.2141,0.6377
280,inab1237,taga1270,0.3603603603603603,0.2770706190061028,tgl,0.6614000201225281,0.06419893091353171,0.5106,1.2779,1.2141,0.6768
281,agar1252,taga1270,0.2342342342342342,0.1006339673006339,tgl,1.0,0.209497657565528,0.4821,1.2779,1.2141,0.665
282,ambu1247,taga1270,0.2727272727272727,0.1314194577352471,tgl,1.0,0.209497657565528,0.3768,0.4597,0.7023,0.3981
283,agua1252,taga1270,0.2272727272727272,0.1569528619528619,tgl,1.0,0.7140014544715702,0.4846,1.2779,1.1274,0.6602
284,abau1245,taga1270,0.2792792792792792,0.1552711068840101,tgl,1.0,0.209497657565528,0.3644,0.4519,0.7973,0.3866
285,amel1241,tami1289,0.1495327102803738,0.136059911251319,tam,1.0,0.38863519194861945,0.502,0.5516,0.6237,0.5669
286,agut1237,tami1289,0.2342342342342342,0.1902254144901204,tam,1.0,0.23696734316994109,0.4364,1.3153,0.9271,0.6343
287,agua1253,tami1289,0.3243243243243243,0.2881365140451813,tam,1.0,0.843121237022703,0.3972,0.5928,0.7099,0.4245
288,abau1245,tami1289,0.2162162162162162,0.1180959103119346,tam,1.0,0.38863519194861945,0.4706,0.5274,0.3413,0.4885
289,cent2084,tami1289,0.2685185185185185,0.2187330440338596,tam,1.0,0.23696734316994109,0.382,1.3153,0.9271,0.6179
290,agar1252,tami1289,0.2432432432432432,0.1341341341341341,tam,1.0,0.38863519194861945,0.5274,1.3153,0.9271,0.7215
291,inab1237,tami1289,0.2162162162162162,0.164021164021164,tam,1.0,0.23696734316994109,0.5836,1.3153,0.9271,0.7485
292,arif1239,tami1289,0.2792792792792792,0.199076602068962,tam,1.0,0.38863519194861945,0.5635,1.3153,0.9271,0.7385
293,anka1246,tami1289,0.1531531531531531,0.0543156059285091,tam,1.0,0.38863519194861945,0.5836,1.3153,0.9271,0.7485
294,achi1256,tami1289,0.1981981981981982,0.1447394990486645,tam,1.0,0.7833970578411166,0.4184,1.3153,0.9271,0.6327
295,amar1273,tami1289,0.25,0.1846621142917439,tam,1.0,0.2438752488351739,0.5836,1.3153,0.9271,0.7485
296,east2379,tami1289,0.2727272727272727,0.2362323100742553,tam,1.0,0.3946497980272301,0.4588,0.3865,0.5337,0.4808
297,agua1252,tami1289,0.2,0.1556324535679374,tam,1.0,0.7833970578411166,0.5695,1.3153,0.8974,0.7402
298,sain1246,tami1289,0.3513513513513513,0.3132435511966429,tam,1.0,0.5657713879547444,0.5836,1.3153,0.9271,0.7485
299,anem1248,tami1289,0.3238095238095238,0.2488780996269475,tam,1.0,0.38863519194861945,0.5836,1.3153,0.9271,0.7485
300,anga1290,tami1289,0.2162162162162162,0.1405171405171405,tam,1.0,0.38863519194861945,0.428,0.5233,0.6515,0.4561
301,ambu1247,tami1289,0.1818181818181818,0.1204545454545454,tam,1.0,0.38863519194861945,0.4638,0.4911,0.1906,0.4732
302,ango1254,tami1289,0.1531531531531531,0.0549254172204991,tam,1.0,0.38863519194861945,0.5156,1.3153,0.9271,0.719
303,achu1248,tami1289,0.2181818181818181,0.1611149560992821,tam,1.0,0.8377163473646753,0.3082,0.4911,0.7058,0.353
304,agua1252,roma1327,0.209090909090909,0.1243041606886657,ron,1.0,0.5294405140931465,0.3645,1.2779,1.0578,0.5339
305,ango1254,roma1327,0.1441441441441441,0.037500915549696,ron,1.0,0.6375295500158522,0.2712,1.2779,1.0549,0.5023
306,agut1237,roma1327,0.2252252252252252,0.1678754256901335,ron,1.0,0.4815600630318131,0.4677,1.2779,1.0549,0.6758
307,inab1237,roma1327,0.2342342342342342,0.1894574146910595,ron,1.0,0.4815600630318131,0.4022,1.2779,1.0549,0.5521
308,arif1239,roma1327,0.2072072072072072,0.1802214913326024,ron,1.0,0.6375295500158522,0.3697,1.2779,1.0549,0.5374
309,anga1290,roma1327,0.1441441441441441,0.0363197843512804,ron,1.0,0.6375295500158522,0.4742,0.4965,0.5996,0.5159
310,anka1246,roma1327,0.1441441441441441,0.0369009009009009,ron,1.0,0.6375295500158522,0.4022,1.2779,1.0549,0.5521
311,ambu1247,roma1327,0.1636363636363636,0.095044289044289,ron,1.0,0.6375295500158522,0.44,0.435,0.4882,0.4641
312,agua1253,roma1327,0.1801801801801801,0.1254331254331254,ron,1.0,0.5737747529202167,0.5089,0.5294,0.615,0.5721
313,anem1248,roma1327,0.2285714285714285,0.1943500054484036,ron,1.0,0.6375295500158522,0.4022,1.2779,1.0549,0.5521
314,amar1273,roma1327,0.1944444444444444,0.1397441885909542,ron,1.0,0.5161578556038896,0.4022,1.2779,1.0549,0.5521
315,achu1248,roma1327,0.1909090909090909,0.128560243584167,ron,1.0,0.5650480733944258,0.4671,0.506,0.6162,0.5519
316,achi1256,roma1327,0.2162162162162162,0.1291632629244952,ron,1.0,0.5294405140931465,0.497,1.2779,1.0549,0.6932
317,agar1252,roma1327,0.1711711711711711,0.0994981066252065,ron,1.0,0.6375295500158522,0.325,1.2779,1.0549,0.5196
318,sain1246,roma1327,0.2342342342342342,0.1781940803306098,ron,0.5803999900817871,0.2883974386200987,0.4022,1.2779,1.0549,0.5521
319,cent2084,roma1327,0.2314814814814814,0.1680776014109347,ron,1.0,0.4815600630318131,0.4571,1.2779,1.0549,0.6721
320,east2379,roma1327,0.2818181818181818,0.2223313777287403,ron,1.0,0.671441231219878,0.421,0.5596,0.5126,0.4572
321,amel1241,roma1327,0.1308411214953271,0.0740500130300159,ron,1.0,0.6375295500158522,0.292,0.4597,0.4544,0.2797
322,abau1245,roma1327,0.1621621621621621,0.1021006366156221,ron,1.0,0.6375295500158522,0.4545,0.4778,0.5671,0.472
323,ango1254,beng1280,0.1711711711711711,0.0512165709016102,ben,1.0,0.362510923658769,0.2726,1.3375,1.1575,0.5301
324,east2379,beng1280,0.1818181818181818,0.0925045299862995,ben,1.0,0.3786105585642293,0.4344,0.4829,0.369,0.4563
325,cent2084,beng1280,0.1851851851851851,0.1115859727182249,ben,1.0,0.2065161315836958,0.5075,1.3375,1.1575,0.7179
326,inab1237,beng1280,0.3153153153153153,0.2852889519556186,ben,1.0,0.2065161315836958,0.3339,1.3375,1.1575,0.546
327,agut1237,beng1280,0.2432432432432432,0.1842330269159537,ben,1.0,0.2065161315836958,0.4706,1.3375,1.1575,0.6981
328,achi1256,beng1280,0.2252252252252252,0.1385185363775908,ben,1.0,0.7795689270278647,0.495,1.3375,1.1575,0.7127
329,achu1248,beng1280,0.2636363636363636,0.2056439305375475,ben,1.0,0.8541967140615302,0.465,0.5375,0.6827,0.5544
330,ambu1247,beng1280,0.2,0.1242385932651419,ben,1.0,0.362510923658769,0.415,0.5375,0.6018,0.4602
331,sain1246,beng1280,0.2522522522522522,0.2127088223040247,ben,0.930400013923645,0.581577899976931,0.3339,1.3375,1.1575,0.546
332,amar1273,beng1280,0.1759259259259259,0.0651445679710235,ben,1.0,0.22279993212624208,0.3339,1.3375,1.1575,0.546
333,anga1290,beng1280,0.1711711711711711,0.05003465003465,ben,1.0,0.362510923658769,0.4341,0.5667,0.403,0.4904
334,agua1253,beng1280,0.2612612612612612,0.2015236361974283,ben,1.0,0.8674665940895496,0.4896,0.6128,0.6871,0.5674
335,amel1241,beng1280,0.1869158878504672,0.086428964109008,ben,1.0,0.362510923658769,0.3243,0.5375,0.369,0.313
336,agua1252,beng1280,0.2,0.1024329077146571,ben,1.0,0.7795689270278647,0.3097,1.3375,1.1381,0.5351
337,abau1245,beng1280,0.2072072072072072,0.1151515151515151,ben,1.0,0.362510923658769,0.3708,0.5315,0.7143,0.4281
338,anem1248,beng1280,0.2761904761904762,0.2423376432629571,ben,1.0,0.362510923658769,0.3339,1.3375,1.1575,0.546
339,anka1246,beng1280,0.1711711711711711,0.05003465003465,ben,1.0,0.362510923658769,0.3339,1.3375,1.1575,0.546
340,agar1252,beng1280,0.1351351351351351,0.0582901995282117,ben,1.0,0.362510923658769,0.305,1.3375,1.1575,0.5379
341,arif1239,beng1280,0.2432432432432432,0.1884368840890579,ben,1.0,0.362510923658769,0.3006,1.3375,1.1575,0.5338
342,achu1248,urdu1245,0.1727272727272727,0.0508809020436927,urd,1.0,0.7919746391016651,0.4655,0.5516,0.6987,0.5577
343,amel1241,urdu1245,0.1962616822429906,0.0792991354789894,urd,1.0,0.43302495986239864,0.289,0.5516,0.6987,0.3053
344,cent2084,urdu1245,0.1574074074074074,0.0661926807760141,urd,1.0,0.2768005335498691,0.4627,1.3331,0.9005,0.6861
345,sain1246,urdu1245,0.1801801801801801,0.0721832632071061,urd,0.930400013923645,0.5162104998559025,0.3386,1.3331,0.9005,0.5369
346,agut1237,urdu1245,0.1891891891891892,0.0904412376110489,urd,1.0,0.2768005335498691,0.4729,1.3331,0.9005,0.6895
347,abau1245,urdu1245,0.1621621621621621,0.0531220876048462,urd,1.0,0.43302495986239864,0.4002,0.5868,0.3164,0.4384
348,arif1239,urdu1245,0.1621621621621621,0.0838500838500838,urd,1.0,0.43302495986239864,0.3055,1.3331,0.9005,0.5244
349,anem1248,urdu1245,0.1619047619047619,0.0485714285714285,urd,1.0,0.43302495986239864,0.3386,1.3331,0.9005,0.5369
350,agua1252,urdu1245,0.1909090909090909,0.0840054084148572,urd,1.0,0.7403069601246095,0.3146,1.3331,0.8685,0.5257
351,agar1252,urdu1245,0.2072072072072072,0.1021247662757096,urd,1.0,0.43302495986239864,0.2675,1.3331,0.9005,0.5125
352,amar1273,urdu1245,0.1481481481481481,0.1087271179225202,urd,1.0,0.29181002714366194,0.3386,1.3331,0.9005,0.5369
353,achi1256,urdu1245,0.1981981981981982,0.1266300856944132,urd,1.0,0.7403069601246095,0.4955,1.3331,0.9005,0.7032
354,ango1254,urdu1245,0.1711711711711711,0.05003465003465,urd,1.0,0.43302495986239864,0.2373,1.3331,0.9005,0.5066
355,agua1253,urdu1245,0.1711711711711711,0.0504225155387946,urd,1.0,0.798234657460403,0.4923,0.6473,0.7029,0.5734
356,anga1290,urdu1245,0.1711711711711711,0.05003465003465,urd,1.0,0.43302495986239864,0.4453,0.5624,0.6863,0.5064
357,inab1237,urdu1245,0.1891891891891892,0.0978649103649103,urd,1.0,0.2768005335498691,0.3386,1.3331,0.9005,0.5369
358,ambu1247,urdu1245,0.1636363636363636,0.0497454545454545,urd,1.0,0.43302495986239864,0.4189,0.5881,0.3097,0.4577
359,anka1246,urdu1245,0.1711711711711711,0.05003465003465,urd,1.0,0.43302495986239864,0.3386,1.3331,0.9005,0.5369
360,east2379,urdu1245,0.1636363636363636,0.04638511095204,urd,1.0,0.4448787175479637,0.409,0.5141,0.614,0.4506
361,anka1246,swed1254,0.1711711711711711,0.0934620334620334,swe,1.0,0.6220363551431516,0.6214,1.3198,0.9005,0.7634
362,achu1248,swed1254,0.2727272727272727,0.1422449687716863,swe,1.0,0.5344613778388299,0.4227,0.5936,0.7388,0.4557
363,agua1252,swed1254,0.3090909090909091,0.2030387088639516,swe,1.0,0.4672286858453037,0.6065,1.3198,0.8685,0.7543
364,abau1245,swed1254,0.2702702702702703,0.1827609292919191,swe,1.0,0.6220363551431516,0.5439,0.574,0.3797,0.5578
365,ambu1247,swed1254,0.2545454545454545,0.1220557851239669,swe,1.0,0.6220363551431516,0.4892,0.5565,0.2388,0.5129
366,agua1253,swed1254,0.2882882882882883,0.1603304797334648,swe,1.0,0.5505344716051648,0.4456,0.6368,0.7029,0.4732
367,cent2084,swed1254,0.2962962962962963,0.1867415125866131,swe,1.0,0.47959586889571965,0.4276,1.3198,0.9005,0.6441
368,anga1290,swed1254,0.2342342342342342,0.1329683679483412,swe,1.0,0.6220363551431516,0.4725,0.5865,0.6863,0.5074
369,agut1237,swed1254,0.3063063063063063,0.2179791127159548,swe,1.0,0.47959586889571965,0.4382,1.3198,0.9005,0.6406
370,achi1256,swed1254,0.2972972972972973,0.2198964629949585,swe,1.0,0.4672286858453037,0.4285,1.3198,0.9005,0.6453
371,agar1252,swed1254,0.2882882882882883,0.1652234568265102,swe,1.0,0.6220363551431516,0.5734,1.3198,0.9005,0.7393
372,arif1239,swed1254,0.3243243243243243,0.2120016055659619,swe,1.0,0.6220363551431516,0.6065,1.3198,0.9005,0.7558
373,east2379,swed1254,0.3181818181818182,0.2235295210665676,swe,1.0,0.6923645475312135,0.5131,0.6027,0.5687,0.5362
374,anem1248,swed1254,0.2952380952380952,0.1970238095238095,swe,1.0,0.6220363551431516,0.6214,1.3198,0.9005,0.7634
375,inab1237,swed1254,0.3063063063063063,0.2097440182117601,swe,1.0,0.47959586889571965,0.6214,1.3198,0.9005,0.7634
376,amel1241,swed1254,0.2990654205607476,0.1791979639224241,swe,1.0,0.6220363551431516,0.5425,0.5174,0.6572,0.5846
377,ango1254,swed1254,0.2792792792792792,0.1558558558558558,swe,1.0,0.6220363551431516,0.5656,1.3198,0.9005,0.7383
378,sain1246,swed1254,0.3153153153153153,0.2063983488132094,swe,0.9247999787330629,0.277493762002341,0.6214,1.3198,0.9005,0.7634
379,amar1273,swed1254,0.3333333333333333,0.2338546281528737,swe,1.0,0.5348289359255938,0.6214,1.3198,0.9005,0.7634
380,amar1273,hind1269,0.2685185185185185,0.2223189098189098,hin,1.0,0.24796273608237468,0.65,1.4001,1.2677,0.8214
381,anga1290,hind1269,0.2072072072072072,0.1334057502478555,hin,1.0,0.3922915758705657,0.5149,0.5717,0.623,0.5334
382,anem1248,hind1269,0.2761904761904762,0.2209703095779045,hin,1.0,0.3922915758705657,0.65,1.4001,1.2677,0.8214
383,sain1246,hind1269,0.2522522522522522,0.2355634322847437,hin,0.930400013923645,0.5607481352115256,0.65,1.4001,1.2677,0.8214
384,amel1241,hind1269,0.2429906542056074,0.1819163518033173,hin,1.0,0.3922915758705657,0.5277,0.5466,0.369,0.5787
385,anka1246,hind1269,0.2522522522522522,0.1506253979372258,hin,1.0,0.3922915758705657,0.65,1.4001,1.2677,0.8214
386,inab1237,hind1269,0.3423423423423423,0.3271807326452134,hin,1.0,0.23816339218229923,0.65,1.4001,1.2677,0.8214
387,east2379,hind1269,0.1909090909090909,0.1445856617145972,hin,1.0,0.40037932799658194,0.4585,0.535,0.5433,0.5002
388,agut1237,hind1269,0.3513513513513513,0.3100666223953894,hin,1.0,0.23816339218229923,0.4667,1.4001,1.2677,0.6969
389,achi1256,hind1269,0.2342342342342342,0.2285972875554245,hin,1.0,0.7784526429808315,0.4677,1.4001,1.2677,0.7014
390,cent2084,hind1269,0.2962962962962963,0.2666569578801764,hin,1.0,0.23816339218229923,0.4005,1.4001,1.2677,0.6774
391,agua1252,hind1269,0.1909090909090909,0.1837972198798314,hin,1.0,0.7784526429808315,0.6376,1.4001,1.2237,0.8131
392,ango1254,hind1269,0.2252252252252252,0.1739638255767288,hin,1.0,0.3922915758705657,0.5799,1.4001,1.2677,0.7898
393,abau1245,hind1269,0.2612612612612612,0.1739039951805909,hin,1.0,0.3922915758705657,0.5335,0.59,0.789,0.5635
394,achu1248,hind1269,0.2545454545454545,0.1675883657232294,hin,1.0,0.836323472849513,0.3772,0.5631,0.6385,0.4113
395,agar1252,hind1269,0.2162162162162162,0.1614632053656444,hin,1.0,0.3922915758705657,0.6008,1.4001,1.2677,0.7973
396,arif1239,hind1269,0.2522522522522522,0.1847249634134879,hin,1.0,0.3922915758705657,0.6322,1.4001,1.2677,0.8124
397,agua1253,hind1269,0.2432432432432432,0.1812320081807187,hin,1.0,0.8416478126905553,0.4592,0.625,0.5849,0.4727
398,ambu1247,hind1269,0.3090909090909091,0.2242326944493289,hin,1.0,0.3922915758705657,0.5013,0.5792,0.6755,0.5368
399,cent2084,port1283,0.1851851851851851,0.1036899333195629,por,1.0,0.9377732280123131,0.3542,1.3016,0.9005,0.6073
400,agua1252,port1283,0.209090909090909,0.1362790874814335,por,1.0,0.2792508056186578,0.6369,1.3016,0.8685,0.7805
401,anem1248,port1283,0.3142857142857143,0.2905527322918627,por,1.0,0.8440578829690669,0.6546,1.3016,0.9005,0.7913
402,amar1273,port1283,0.1851851851851851,0.1099981934467956,por,1.0,0.8770846138568632,0.6546,1.3016,0.9005,0.7913
403,ambu1247,port1283,0.1636363636363636,0.0825311942959001,por,1.0,0.8440578829690669,0.5142,0.4722,0.1368,0.5227
404,amel1241,port1283,0.1775700934579439,0.0933659787955611,por,1.0,0.8440578829690669,0.569,0.5155,0.614,0.6202
405,arif1239,port1283,0.3063063063063063,0.2591980215509627,por,1.0,0.8440578829690669,0.6387,1.3016,0.9005,0.783
406,inab1237,port1283,0.2972972972972973,0.2620005764716991,por,1.0,0.9377732280123131,0.6546,1.3016,0.9005,0.7913
407,achi1256,port1283,0.2432432432432432,0.1661394001819534,por,1.0,0.2792508056186578,0.4265,1.3016,0.9005,0.6375
408,anga1290,port1283,0.1441441441441441,0.07511950174885,por,1.0,0.8440578829690669,0.4939,0.5063,0.6427,0.519
409,agut1237,port1283,0.1891891891891892,0.1064467064467064,por,1.0,0.9377732280123131,0.4337,1.3016,0.9005,0.634
410,ango1254,port1283,0.2252252252252252,0.1529724529724529,por,1.0,0.8440578829690669,0.5731,1.3016,0.9005,0.7515
411,anka1246,port1283,0.1801801801801801,0.0855133892261098,por,1.0,0.8440578829690669,0.6546,1.3016,0.9005,0.7913
412,abau1245,port1283,0.2612612612612612,0.1835214676130319,por,1.0,0.8440578829690669,0.5308,0.533,0.3164,0.5473
413,achu1248,port1283,0.2727272727272727,0.1972603519153354,por,1.0,0.1716319006036566,0.3827,0.4494,0.6987,0.4056
414,agua1253,port1283,0.2792792792792792,0.1966419166419166,por,1.0,0.15479581340463927,0.4304,0.5793,0.7029,0.4502
415,east2379,port1283,0.2636363636363636,0.2094848484848484,por,1.0,0.7822999240531695,0.5013,0.5314,0.5207,0.5332
416,agar1252,port1283,0.1531531531531531,0.1367136793939093,por,1.0,0.8440578829690669,0.6001,1.3016,0.9005,0.763
417,sain1246,port1283,0.2252252252252252,0.1684515355401431,por,0.4269999861717224,0.2376858755141326,0.6546,1.3016,0.9005,0.7913
418,arif1239,czec1258,0.3333333333333333,0.273423842747151,ces,1.0,0.6637607292245996,0.5795,1.2528,0.8425,0.7393
419,agua1252,czec1258,0.1545454545454545,0.0907941645557744,ces,1.0,0.4903091738791041,0.5795,1.2528,0.8337,0.7388
420,amel1241,czec1258,0.1401869158878504,0.0670226969292389,ces,1.0,0.6637607292245996,0.5291,0.5169,0.6385,0.6008
421,achi1256,czec1258,0.1891891891891892,0.1259232550331187,ces,1.0,0.4903091738791041,0.3996,1.2528,0.8425,0.6024
422,abau1245,czec1258,0.1891891891891892,0.1169229800563522,ces,1.0,0.6637607292245996,0.4947,0.5658,0.3312,0.5224
423,inab1237,czec1258,0.2342342342342342,0.1730014589057142,ces,1.0,0.5099988774002525,0.6028,1.2528,0.8425,0.7515
424,amar1273,czec1258,0.2592592592592592,0.2119992441421012,ces,1.0,0.5502866911783009,0.6028,1.2528,0.8425,0.7515
425,east2379,czec1258,0.2272727272727272,0.1817032036449512,ces,1.0,0.7079667075995927,0.4644,0.6074,0.5922,0.5172
426,anem1248,czec1258,0.238095238095238,0.1845408976987924,ces,1.0,0.6637607292245996,0.6028,1.2528,0.8425,0.7515
427,anga1290,czec1258,0.1441441441441441,0.0363197843512804,ces,1.0,0.6637607292245996,0.4544,0.554,0.7141,0.4871
428,ango1254,czec1258,0.1531531531531531,0.0537564661435629,ces,1.0,0.6637607292245996,0.5068,1.2528,0.8425,0.7062
429,sain1246,czec1258,0.1981981981981982,0.1345730757495463,ces,0.9247999787330629,0.25248734959811037,0.6028,1.2528,0.8425,0.7515
430,ambu1247,czec1258,0.1818181818181818,0.1144870500601726,ces,1.0,0.6637607292245996,0.4789,0.4933,0.2446,0.5012
431,cent2084,czec1258,0.1944444444444444,0.1618730814115025,ces,1.0,0.5099988774002525,0.3608,1.2528,0.8425,0.5903
432,anka1246,czec1258,0.1441441441441441,0.0363197843512804,ces,1.0,0.6637607292245996,0.6028,1.2528,0.8425,0.7515
433,achu1248,czec1258,0.2272727272727272,0.1719990508719278,ces,1.0,0.5296737050560959,0.3415,0.5169,0.7665,0.3818
434,agar1252,czec1258,0.2252252252252252,0.171764393386015,ces,1.0,0.6637607292245996,0.5299,1.2528,0.8425,0.7145
435,agua1253,czec1258,0.2612612612612612,0.1627712905603372,ces,1.0,0.5396527904815999,0.4009,0.5713,0.7349,0.4296
436,agut1237,czec1258,0.2612612612612612,0.2204559643584034,ces,1.0,0.5099988774002525,0.4102,1.2528,0.8425,0.604
437,anka1246,russ1263,0.1621621621621621,0.0658112658112658,rus,1.0,0.47681146854306133,0.6508,1.2423,1.1251,0.796
438,east2379,russ1263,0.2636363636363636,0.2314260603829981,rus,1.0,0.5469314689974449,0.4593,0.5962,0.4935,0.5253
439,amar1273,russ1263,0.1759259259259259,0.0917427088924673,rus,1.0,0.3962616980119992,0.6508,1.2423,1.1251,0.796
440,achu1248,russ1263,0.209090909090909,0.1651456611902859,rus,1.0,0.6563611071414741,0.3925,0.5489,0.718,0.4179
441,cent2084,russ1263,0.2685185185185185,0.220324414150104,rus,1.0,0.3364702626908322,0.3889,1.2423,1.1251,0.6135
442,amel1241,russ1263,0.1682242990654205,0.1303728683667018,rus,1.0,0.47681146854306133,0.5247,0.477,0.2421,0.6022
443,ango1254,russ1263,0.1891891891891892,0.1121087260622144,rus,1.0,0.47681146854306133,0.5655,1.2423,1.1251,0.7545
444,ambu1247,russ1263,0.2363636363636363,0.1930402664852425,rus,1.0,0.47681146854306133,0.4837,0.5258,0.6482,0.5319
445,arif1239,russ1263,0.2162162162162162,0.1794041401884539,rus,1.0,0.47681146854306133,0.6309,1.2423,1.1251,0.7854
446,agut1237,russ1263,0.2342342342342342,0.185590744806431,rus,1.0,0.3364702626908322,0.4649,1.2423,1.1251,0.6402
447,anga1290,russ1263,0.1441441441441441,0.0638049814520402,rus,1.0,0.47681146854306133,0.5048,0.6077,0.5959,0.5333
448,achi1256,russ1263,0.2162162162162162,0.0982678718527775,rus,1.0,0.5656081806698084,0.456,1.2423,1.1251,0.6387
449,inab1237,russ1263,0.2972972972972973,0.2620187187299697,rus,1.0,0.3364702626908322,0.6508,1.2423,1.1251,0.796
450,agua1253,russ1263,0.2612612612612612,0.21048748385409,rus,1.0,0.6803444362297567,0.4676,0.5835,0.6185,0.4729
451,anem1248,russ1263,0.1809523809523809,0.1264939880290269,rus,1.0,0.47681146854306133,0.6508,1.2423,1.1251,0.796
452,sain1246,russ1263,0.2882882882882883,0.2468246674830461,rus,0.907800018787384,0.4065128447681714,0.6508,1.2423,1.1251,0.796
453,agar1252,russ1263,0.1351351351351351,0.0466036284218102,rus,1.0,0.47681146854306133,0.5833,1.2423,1.1251,0.7607
454,agua1252,russ1263,0.1818181818181818,0.0937023478089308,rus,1.0,0.5656081806698084,0.6309,1.2423,1.0986,0.7839
455,abau1245,russ1263,0.1711711711711711,0.1171455845124262,rus,1.0,0.47681146854306133,0.524,0.577,0.7457,0.5643
456,anga1290,dutc1256,0.1711711711711711,0.0828118259104174,nld,1.0,0.6896405759903836,0.466,0.519,0.6596,0.4938
457,east2379,dutc1256,0.3090909090909091,0.224649788128049,nld,1.0,0.7438642916827842,0.4921,0.6106,0.5456,0.5338
458,achu1248,dutc1256,0.3,0.1881509240360915,nld,1.0,0.4879710314725018,0.3804,0.5081,0.7125,0.4088
459,sain1246,dutc1256,0.2162162162162162,0.1777691977691977,nld,0.9386000037193298,0.21793430452207066,0.6259,1.3287,0.9525,0.7778
460,agua1253,dutc1256,0.2252252252252252,0.1319237108710793,nld,1.0,0.4994756492807162,0.4256,0.6247,0.7164,0.4566
461,ango1254,dutc1256,0.1531531531531531,0.0866154920743528,nld,1.0,0.6896405759903836,0.5464,1.3287,0.9525,0.7405
462,anem1248,dutc1256,0.3047619047619048,0.2758620689655172,nld,1.0,0.6896405759903836,0.6259,1.3287,0.9525,0.7778
463,amar1273,dutc1256,0.2777777777777778,0.2026257267636577,nld,1.0,0.5889913900642967,0.6259,1.3287,0.9525,0.7778
464,anka1246,dutc1256,0.1531531531531531,0.0598837717826202,nld,1.0,0.6896405759903836,0.6259,1.3287,0.9525,0.7778
465,agar1252,dutc1256,0.2252252252252252,0.1199755285605842,nld,1.0,0.6896405759903836,0.569,1.3287,0.9525,0.7491
466,abau1245,dutc1256,0.1981981981981982,0.1532449575045923,nld,1.0,0.6896405759903836,0.5266,0.5629,0.3632,0.5463
467,ambu1247,dutc1256,0.1545454545454545,0.1045010351966873,nld,1.0,0.6896405759903836,0.4872,0.5081,0.2301,0.506
468,agut1237,dutc1256,0.3513513513513513,0.2980323319875558,nld,1.0,0.5434013131486097,0.4079,1.3287,0.9525,0.6281
469,achi1256,dutc1256,0.1981981981981982,0.1678338223229864,nld,1.0,0.44681499543978126,0.4244,1.3287,0.9525,0.6415
470,inab1237,dutc1256,0.2972972972972973,0.2701357466063348,nld,1.0,0.5434013131486097,0.6259,1.3287,0.9525,0.7778
471,arif1239,dutc1256,0.2792792792792792,0.1681498829039812,nld,1.0,0.6896405759903836,0.6038,1.3287,0.9525,0.7662
472,agua1252,dutc1256,0.1818181818181818,0.1323135177680632,nld,1.0,0.44681499543978126,0.6075,1.3287,0.9248,0.7668
473,cent2084,dutc1256,0.3055555555555556,0.2410118655558692,nld,1.0,0.5434013131486097,0.3889,1.3287,0.9525,0.6298
474,amel1241,dutc1256,0.1962616822429906,0.1452263148249954,nld,1.0,0.6896405759903836,0.5547,0.5278,0.6326,0.6029
475,cent2084,poli1260,0.2685185185185185,0.2217861444487461,pol,1.0,0.4956620839736203,0.3625,1.273,1.1101,0.6061
476,achu1248,poli1260,0.2545454545454545,0.171456786664799,pol,1.0,0.5374565448849316,0.3841,0.5216,0.6638,0.4097
477,anga1290,poli1260,0.1711711711711711,0.0512165709016102,pol,1.0,0.6456885395395267,0.5098,0.5126,0.4259,0.5292
478,amar1273,poli1260,0.2129629629629629,0.1485156605846261,pol,1.0,0.5391331122044868,0.6755,1.273,1.1101,0.8191
479,agut1237,poli1260,0.2522522522522522,0.2169132727197243,pol,1.0,0.4956620839736203,0.4691,1.273,1.1101,0.6463
480,agar1252,poli1260,0.1621621621621621,0.1298173424933988,pol,1.0,0.6456885395395267,0.6067,1.273,1.1101,0.7825
481,achi1256,poli1260,0.2252252252252252,0.1213036936307376,pol,1.0,0.4904254501529809,0.4504,1.273,1.1101,0.646
482,ambu1247,poli1260,0.209090909090909,0.1703770796268754,pol,1.0,0.6456885395395267,0.5337,0.3999,0.5337,0.5567
483,agua1252,poli1260,0.1818181818181818,0.0986435786435786,pol,1.0,0.4904254501529809,0.6533,1.273,1.0869,0.8056
484,east2379,poli1260,0.2181818181818181,0.1592860422405876,pol,1.0,0.6954257921771224,0.5012,0.5539,0.3125,0.54
485,anem1248,poli1260,0.2285714285714285,0.1911502290812635,pol,1.0,0.6456885395395267,0.6755,1.273,1.1101,0.8191
486,arif1239,poli1260,0.2702702702702703,0.2202254381210927,pol,1.0,0.6456885395395267,0.6516,1.273,1.1101,0.806
487,amel1241,poli1260,0.205607476635514,0.1404054922272929,pol,1.0,0.6456885395395267,0.5862,0.5643,0.3125,0.6502
488,sain1246,poli1260,0.2162162162162162,0.1827064112778398,pol,0.9175999760627748,0.26387775572900635,0.6755,1.273,1.1101,0.8191
489,inab1237,poli1260,0.2612612612612612,0.236298070032182,pol,1.0,0.4956620839736203,0.6755,1.273,1.1101,0.8191
490,agua1253,poli1260,0.2612612612612612,0.1693204193204193,pol,1.0,0.5490932720823012,0.4492,0.6375,0.6685,0.4767
491,abau1245,poli1260,0.2882882882882883,0.2293051249917029,pol,1.0,0.6456885395395267,0.5432,0.5663,0.656,0.5842
492,ango1254,poli1260,0.1891891891891892,0.1098353011396489,pol,1.0,0.6456885395395267,0.5843,1.273,1.1101,0.7737
493,anka1246,poli1260,0.1711711711711711,0.05003465003465,pol,1.0,0.6456885395395267,0.6755,1.273,1.1101,0.8191
494,inab1237,croa1245,0.1981981981981982,0.1425650290788262,hrv,1.0,0.5167103572434362,0.1441,1.2476,0.8425,0.4315
495,anka1246,croa1245,0.1801801801801801,0.066389638706257,hrv,1.0,0.6687727456141046,0.1441,1.2476,0.8425,0.4315
496,amel1241,croa1245,0.1682242990654205,0.0850856697819314,hrv,1.0,0.6687727456141046,0.359,0.5329,0.6385,0.3425
497,achi1256,croa1245,0.1711711711711711,0.0670455401638197,hrv,1.0,0.49577165003256424,0.4461,1.2476,0.8425,0.6481
498,cent2084,croa1245,0.1851851851851851,0.1050965495409939,hrv,1.0,0.5167103572434362,0.5333,1.2476,0.8425,0.6909
499,agut1237,croa1245,0.2792792792792792,0.2035475546536516,hrv,1.0,0.5167103572434362,0.4685,1.2476,0.8425,0.6562
500,achu1248,croa1245,0.1818181818181818,0.137049062049062,hrv,1.0,0.5271648514548367,0.4935,0.5096,0.7665,0.5719
501,agua1253,croa1245,0.1891891891891892,0.144536483367068,hrv,1.0,0.5359783330253657,0.4377,0.5652,0.7349,0.5293
502,amar1273,croa1245,0.1851851851851851,0.0754236017393912,hrv,1.0,0.552180307841454,0.1441,1.2476,0.8425,0.4315
503,agar1252,croa1245,0.1441441441441441,0.0957641422757701,hrv,1.0,0.6687727456141046,0.2294,1.2476,0.8425,0.4602
504,agua1252,croa1245,0.1818181818181818,0.0826143645795766,hrv,1.0,0.49577165003256424,0.059,1.2476,0.8337,0.4174
505,anga1290,croa1245,0.1621621621621621,0.049694856146469,hrv,1.0,0.6687727456141046,0.397,0.5243,0.7141,0.4695
506,abau1245,croa1245,0.1891891891891892,0.10882053449634,hrv,1.0,0.6687727456141046,0.3863,0.5351,0.3312,0.4203
507,ango1254,croa1245,0.1711711711711711,0.0689748477359096,hrv,1.0,0.6687727456141046,0.2821,1.2476,0.8425,0.4838
508,arif1239,croa1245,0.2612612612612612,0.2042255705046402,hrv,1.0,0.6687727456141046,0.059,1.2476,0.8425,0.419
509,east2379,croa1245,0.1636363636363636,0.0928645364536453,hrv,1.0,0.7042602325592602,0.4488,0.5627,0.5922,0.4772
510,sain1246,croa1245,0.2072072072072072,0.1196222324935196,hrv,0.930400013923645,0.253365477458966,0.1441,1.2476,0.8425,0.4315
511,ambu1247,croa1245,0.1454545454545454,0.0744419807834441,hrv,1.0,0.6687727456141046,0.4258,0.4854,0.2446,0.4498
512,anem1248,croa1245,0.2095238095238095,0.1294711885968716,hrv,1.0,0.6687727456141046,0.1441,1.2476,0.8425,0.4315
513,anka1246,ital1282,0.2162162162162162,0.1579750109161874,ita,1.0,0.6903587373980185,0.6521,1.2579,0.8723,0.7773
514,inab1237,ital1282,0.2522522522522522,0.2103936814081741,ita,1.0,0.5441418905923336,0.6521,1.2579,0.8723,0.7773
515,sain1246,ital1282,0.2252252252252252,0.1661303592338075,ita,0.5295000076293945,0.2368666740133827,0.6521,1.2579,0.8723,0.7773
516,agua1252,ital1282,0.1727272727272727,0.1484071484071484,ita,1.0,0.4828205461140292,0.6253,1.2579,0.8653,0.7619
517,arif1239,ital1282,0.2702702702702703,0.2337550867852779,ita,1.0,0.6903587373980185,0.6235,1.2579,0.8723,0.7614
518,anga1290,ital1282,0.2252252252252252,0.1724829605086198,ita,1.0,0.6903587373980185,0.4864,0.4913,0.6782,0.5161
519,achu1248,ital1282,0.2727272727272727,0.1836553216604367,ita,1.0,0.5031032052678704,0.3792,0.5463,0.7323,0.4095
520,amel1241,ital1282,0.1682242990654205,0.1227287985560387,ita,1.0,0.6903587373980185,0.5663,0.4519,0.6036,0.6142
521,agar1252,ital1282,0.1981981981981982,0.1624313173608948,ita,1.0,0.6903587373980185,0.5898,1.2579,0.8723,0.7439
522,anem1248,ital1282,0.1809523809523809,0.1575753834504158,ita,1.0,0.6903587373980185,0.6521,1.2579,0.8723,0.7773
523,agua1253,ital1282,0.2252252252252252,0.146752860804255,ita,1.0,0.5105654785853616,0.4325,0.6006,0.7416,0.4521
524,achi1256,ital1282,0.2432432432432432,0.208747852130205,ita,1.0,0.4828205461140292,0.4207,1.2579,0.8723,0.6166
525,east2379,ital1282,0.2636363636363636,0.1604052273617491,ita,1.0,0.7189313953800429,0.4842,0.594,0.5566,0.5273
526,ambu1247,ital1282,0.1909090909090909,0.118998201189982,ita,1.0,0.6903587373980185,0.5047,0.4257,0.1973,0.5134
527,cent2084,ital1282,0.2129629629629629,0.1571088814567075,ita,1.0,0.5441418905923336,0.3569,1.2579,0.8723,0.5904
528,ango1254,ital1282,0.1531531531531531,0.1137509602625881,ita,1.0,0.6903587373980185,0.5581,1.2579,0.8723,0.7297
529,amar1273,ital1282,0.2129629629629629,0.1802316248136681,ita,1.0,0.5748004608627831,0.6521,1.2579,0.8723,0.7773
530,abau1245,ital1282,0.1891891891891892,0.1347789933522098,ita,1.0,0.6903587373980185,0.5193,0.4992,0.2875,0.5354
531,agut1237,ital1282,0.2972972972972973,0.2589859603763942,ita,1.0,0.5441418905923336,0.4383,1.2579,0.8723,0.6195
532,achu1248,viet1252,0.2272727272727272,0.1371703598245654,vie,1.0,0.9148815285123223,0.4518,0.5864,0.7093,0.4966
533,east2379,viet1252,0.1909090909090909,0.1191844919786096,vie,1.0,0.28994528532083497,0.4306,0.6285,0.5662,0.4761
534,agua1252,viet1252,0.1818181818181818,0.0691905936000424,vie,1.0,0.7842520346540427,0.5225,1.3504,1.2677,0.7034
535,arif1239,viet1252,0.2072072072072072,0.1443976690212727,vie,1.0,0.2580421851605893,0.5225,1.3504,1.3455,0.7074
536,cent2084,viet1252,0.2407407407407407,0.1735152696556205,vie,1.0,0.10662793118828592,0.4038,1.3504,1.3455,0.6696
537,agar1252,viet1252,0.2162162162162162,0.1411745619727449,vie,1.0,0.2580421851605893,0.4904,1.3504,1.3455,0.6931
538,anka1246,viet1252,0.1711711711711711,0.05003465003465,vie,1.0,0.2580421851605893,0.5399,1.3504,1.3455,0.7155
539,anem1248,viet1252,0.2952380952380952,0.2169500307652449,vie,1.0,0.2580421851605893,0.5399,1.3504,1.3455,0.7155
540,inab1237,viet1252,0.2072072072072072,0.1368062098981469,vie,1.0,0.10662793118828592,0.5399,1.3504,1.3455,0.7155
541,amar1273,viet1252,0.2129629629629629,0.1321783699234679,vie,1.0,0.13461828392745082,0.5399,1.3504,1.3455,0.7155
542,ango1254,viet1252,0.1801801801801801,0.0672393323556114,vie,1.0,0.2580421851605893,0.4499,1.3504,1.3455,0.6774
543,sain1246,viet1252,0.2072072072072072,0.1553577500438938,vie,1.0,0.6649570340360216,0.5399,1.3504,1.3455,0.7155
544,ambu1247,viet1252,0.2454545454545454,0.1483210483210483,vie,1.0,0.2580421851605893,0.4643,0.551,0.7655,0.5152
545,agut1237,viet1252,0.2342342342342342,0.1664781498541089,vie,1.0,0.10662793118828592,0.4649,1.3504,1.3455,0.6897
546,abau1245,viet1252,0.2522522522522522,0.177561412344021,vie,1.0,0.2580421851605893,0.4711,0.6205,0.8903,0.5232
547,agua1253,viet1252,0.2252252252252252,0.1629418384317389,vie,1.0,0.9422817947621217,0.4651,0.6777,0.6685,0.5139
548,amel1241,viet1252,0.2149532710280373,0.1398519698762101,vie,1.0,0.2580421851605893,0.4524,0.5689,0.3891,0.4805
549,anga1290,viet1252,0.1711711711711711,0.05003465003465,vie,1.0,0.2580421851605893,0.4643,0.579,0.5996,0.4847
550,achi1256,viet1252,0.2522522522522522,0.183673469387755,vie,1.0,0.7842520346540427,0.4431,1.3504,1.3455,0.6858
551,cent2084,basq1248,0.1944444444444444,0.1510651904244581,eus,0.9724,0.5970458293936242,0.4074,1.2779,1.2141,0.6294
552,sain1246,basq1248,0.2522522522522522,0.2499482736324841,eus,0.9638,0.19338092581415547,0.6452,1.2779,1.2141,0.7809
553,agua1252,basq1248,0.2545454545454545,0.2179866954689649,eus,0.9766,0.4328751039566612,0.6327,1.2779,1.1927,0.7729
554,inab1237,basq1248,0.2792792792792792,0.235222649637064,eus,0.9766,0.5970458293936242,0.6452,1.2779,1.2141,0.7809
555,arif1239,basq1248,0.1531531531531531,0.0800492457889565,eus,0.9687,0.7514109509873299,0.6273,1.2779,1.2141,0.7713
556,amel1241,basq1248,0.1775700934579439,0.1696198290955528,eus,0.9766,0.7514109509873299,0.4862,0.5492,0.3789,0.5487
557,abau1245,basq1248,0.1531531531531531,0.1234178277656538,eus,0.9896,0.7514109509873299,0.5278,0.5718,0.7973,0.5552
558,agar1252,basq1248,0.1081081081081081,0.0714212645247128,eus,0.9766,0.7514109509873299,0.5782,1.2779,1.2141,0.7452
559,ango1254,basq1248,0.3153153153153153,0.2352663222228439,eus,0.9896,0.7514109509873299,0.5392,1.2779,1.2141,0.7275
560,anka1246,basq1248,0.1711711711711711,0.118287827901898,eus,0.9819,0.7514109509873299,0.6452,1.2779,1.2141,0.7809
561,anga1290,basq1248,0.1801801801801801,0.1476543833280076,eus,0.9896,0.7514109509873299,0.5044,0.603,0.6657,0.5286
562,agua1253,basq1248,0.2702702702702703,0.2355877117911417,eus,0.9896,0.45765428134308184,0.4701,0.5762,0.6331,0.4803
563,achu1248,basq1248,0.2,0.208819957471995,eus,0.9852,0.45070098706281053,0.3934,0.59,0.6791,0.4203
564,east2379,basq1248,0.2545454545454545,0.2218698196657238,eus,0.9791,0.7873601288966725,0.4469,0.5596,0.5734,0.4924
565,anem1248,basq1248,0.1619047619047619,0.1258652428831991,eus,0.9852,0.7514109509873299,0.6452,1.2779,1.2141,0.7809
566,agut1237,basq1248,0.1891891891891892,0.151324089161927,eus,0.9791,0.5970458293936242,0.4724,1.2779,1.2141,0.654
567,achi1256,basq1248,0.2342342342342342,0.1833325226835485,eus,0.9744,0.4328751039566612,0.4662,1.2779,1.2141,0.6549
568,ambu1247,basq1248,0.1909090909090909,0.1447722870404386,eus,0.9819,0.7514109509873299,0.4719,0.5699,0.7023,0.5112
569,amar1273,basq1248,0.1666666666666666,0.1506802227063664,eus,0.9687,0.6329699750210465,0.6452,1.2779,1.2141,0.7809
570,agua1252,hung1274,0.1818181818181818,0.1476421468826532,hun,1.0,0.5081554825321906,0.6373,1.2875,1.1547,0.7846
571,amar1273,hung1274,0.3333333333333333,0.2508206801948819,hun,1.0,0.5366451305321895,0.6621,1.2875,1.1766,0.7997
572,ango1254,hung1274,0.1981981981981982,0.1190755973364669,hun,1.0,0.6544334167832001,0.567,1.2875,1.1766,0.7521
573,inab1237,hung1274,0.3063063063063063,0.2555787261669615,hun,1.0,0.5000523335255644,0.6621,1.2875,1.1766,0.7997
574,agar1252,hung1274,0.1891891891891892,0.1096096096096096,hun,1.0,0.6544334167832001,0.5925,1.2875,1.1766,0.7626
575,arif1239,hung1274,0.3153153153153153,0.2130255255255255,hun,1.0,0.6544334167832001,0.6373,1.2875,1.1766,0.7861
576,amel1241,hung1274,0.1869158878504672,0.122511417054679,hun,1.0,0.6544334167832001,0.5289,0.4744,0.2301,0.5804
577,achu1248,hung1274,0.2636363636363636,0.1498316498316498,hun,1.0,0.5437933906863408,0.4022,0.5398,0.6902,0.412
578,achi1256,hung1274,0.2432432432432432,0.2218523191496164,hun,1.0,0.5081554825321906,0.4689,1.2875,1.1766,0.6555
579,cent2084,hung1274,0.3055555555555556,0.2484723555515867,hun,1.0,0.5000523335255644,0.3928,1.2875,1.1766,0.6248
580,east2379,hung1274,0.2727272727272727,0.1379509379509379,hun,1.0,0.6918858532852014,0.472,0.5884,0.4744,0.5005
581,sain1246,hung1274,0.1981981981981982,0.1581518191687683,hun,1.0,0.26735917173461865,0.6621,1.2875,1.1766,0.7997
582,agut1237,hung1274,0.2792792792792792,0.2310572550168633,hun,1.0,0.5000523335255644,0.4604,1.2875,1.1766,0.6533
583,abau1245,hung1274,0.2702702702702703,0.161251324854266,hun,1.0,0.6544334167832001,0.539,0.5155,0.7209,0.5578
584,agua1253,hung1274,0.2702702702702703,0.1552166097620643,hun,1.0,0.5529167897725604,0.4728,0.5865,0.6462,0.4746
585,anga1290,hung1274,0.2162162162162162,0.1235941824177118,hun,1.0,0.6544334167832001,0.5205,0.5314,0.571,0.5298
586,anem1248,hung1274,0.3333333333333333,0.2244872712917825,hun,1.0,0.6544334167832001,0.6621,1.2875,1.1766,0.7997
587,anka1246,hung1274,0.1801801801801801,0.1083061083061083,hun,1.0,0.6544334167832001,0.6621,1.2875,1.1766,0.7997
588,ambu1247,hung1274,0.2636363636363636,0.1394503171247357,hun,1.0,0.6544334167832001,0.5002,0.4744,0.6326,0.5253
589,agut1237,finn1318,0.3063063063063063,0.2656307190468681,fin,1.0,0.4584794103736566,0.4754,1.2827,1.2141,0.6568
590,east2379,finn1318,0.3,0.1868851148851149,fin,1.0,0.6715996330662113,0.4753,0.5652,0.4513,0.5011
591,ambu1247,finn1318,0.2454545454545454,0.1509479728128551,fin,1.0,0.6006014446636538,0.5084,0.4902,0.6614,0.5281
592,anem1248,finn1318,0.2571428571428571,0.1423558897243108,fin,1.0,0.6006014446636538,0.6357,1.2827,1.2141,0.7818
593,agar1252,finn1318,0.2162162162162162,0.1395102992117917,fin,1.0,0.6006014446636538,0.5856,1.2827,1.2141,0.7563
594,achi1256,finn1318,0.2252252252252252,0.1747142100083276,fin,1.0,0.4808038118187319,0.4694,1.2827,1.2141,0.6553
595,agua1253,finn1318,0.2702702702702703,0.1277240744394029,fin,1.0,0.5697918273849782,0.4735,0.5354,0.6331,0.4657
596,inab1237,finn1318,0.2522522522522522,0.2384943341561806,fin,1.0,0.4584794103736566,0.6357,1.2827,1.2141,0.7818
597,ango1254,finn1318,0.2252252252252252,0.1372102439518169,fin,1.0,0.6006014446636538,0.5614,1.2827,1.2141,0.7466
598,agua1252,finn1318,0.1727272727272727,0.132189689557191,fin,1.0,0.4808038118187319,0.6169,1.2827,1.1598,0.7693
599,cent2084,finn1318,0.2592592592592592,0.207497826077688,fin,1.0,0.4584794103736566,0.4037,1.2827,1.2141,0.6293
600,arif1239,finn1318,0.3153153153153153,0.2346252154083819,fin,1.0,0.6006014446636538,0.6188,1.2827,1.2141,0.773
601,sain1246,finn1318,0.1981981981981982,0.139924996767102,fin,1.0,0.2969377272975917,0.6357,1.2827,1.2141,0.7818
602,abau1245,finn1318,0.2522522522522522,0.1726115221226471,fin,1.0,0.6006014446636538,0.5323,0.5552,0.7973,0.5552
603,amar1273,finn1318,0.2685185185185185,0.2367506436376168,fin,1.0,0.5147010868092481,0.6357,1.2827,1.2141,0.7818
604,achu1248,finn1318,0.2818181818181818,0.1404399118969315,fin,1.0,0.5530428879591772,0.4073,0.5125,0.7282,0.415
605,anka1246,finn1318,0.1531531531531531,0.0771579126296107,fin,1.0,0.6006014446636538,0.6357,1.2827,1.2141,0.7818
606,amel1241,finn1318,0.205607476635514,0.1488836889966232,fin,1.0,0.6006014446636538,0.5125,0.4902,0.2914,0.5649
607,anga1290,finn1318,0.1711711711711711,0.110196816079169,fin,1.0,0.6006014446636538,0.5131,0.5253,0.5541,0.5181
608,east2379,serb1264,0.2363636363636363,0.1925031465828429,srp,1.0,0.6885625192861127,0.4462,1.2476,1.0986,0.6179
609,arif1239,serb1264,0.2522522522522522,0.2310581786170278,srp,1.0,0.6581175710880084,0.2631,0.0,0.401,0.215
610,agut1237,serb1264,0.2972972972972973,0.2644146947819101,srp,1.0,0.5039641311017197,0.4275,0.0,0.401,0.4286
611,anga1290,serb1264,0.1441441441441441,0.0568964686611745,srp,1.0,0.6581175710880084,0.3937,1.2031,1.034,0.5955
612,abau1245,serb1264,0.3063063063063063,0.2598902229039215,srp,1.0,0.6581175710880084,0.4052,1.1783,0.9405,0.5687
613,anka1246,serb1264,0.1531531531531531,0.0631043131043131,srp,1.0,0.6581175710880084,0.2941,0.0,0.401,0.2375
614,inab1237,serb1264,0.2882882882882883,0.2634037199254591,srp,1.0,0.5039641311017197,0.2941,0.0,0.401,0.2375
615,ambu1247,serb1264,0.1727272727272727,0.1374868374868375,srp,1.0,0.6581175710880084,0.4182,1.209,1.0535,0.5962
616,agua1252,serb1264,0.2272727272727272,0.1678130089088993,srp,1.0,0.5148862537263341,0.2631,0.0,0.4689,0.2189
617,cent2084,serb1264,0.2962962962962963,0.2152850342505514,srp,1.0,0.5039641311017197,0.5254,0.0,0.401,0.4811
618,agar1252,serb1264,0.1081081081081081,0.0870779754767516,srp,1.0,0.6581175710880084,0.2837,0.0,0.401,0.2292
619,ango1254,serb1264,0.1621621621621621,0.1027285027285027,srp,1.0,0.6581175710880084,0.29,0.0,0.401,0.233
620,anem1248,serb1264,0.219047619047619,0.1920144155303553,srp,1.0,0.6581175710880084,0.2941,0.0,0.401,0.2375
621,amel1241,serb1264,0.1588785046728972,0.1024570480436384,srp,1.0,0.6581175710880084,0.3385,1.209,1.2345,0.505
622,sain1246,serb1264,0.2882882882882883,0.2164209664209664,srp,0.930400013923645,0.2702885324988128,0.2941,0.0,0.401,0.2375
623,amar1273,serb1264,0.2407407407407407,0.1930359905636973,srp,1.0,0.536645278274617,0.2941,0.0,0.401,0.2375
624,achi1256,serb1264,0.1621621621621621,0.1413304618392058,srp,1.0,0.5148862537263341,0.4412,0.0,0.401,0.4404
625,achu1248,serb1264,0.2363636363636363,0.1666501976284584,srp,1.0,0.5443087351968481,0.4848,1.209,1.1997,0.6837
626,agua1253,serb1264,0.2252252252252252,0.1633776633776633,srp,1.0,0.5521184011803972,0.4466,1.165,1.2264,0.6434
