,Overlap word-level,Overlap word-level_relevance
0,0.003384966574270341,0.0
1,0.0015852832868206814,0.0
2,0.0006946480080598876,0.0
3,0.0035146351604729066,0.0
4,0.0007296306359387357,0.0
5,0.0032311623236531022,0.0
6,0.0060773210973347645,0.0
7,0.003988356072142628,0.0
8,0.006550295963169027,0.0
9,0.008725452355053395,2.0
10,0.004142441451430437,0.0
11,0.004363253595015364,0.0
12,0.00204688097263838,0.0
13,0.005846580102843457,0.0
14,0.006326066861808657,0.0
15,0.002814386502104687,0.0
16,0.0012710802391779155,0.0
17,0.0008993568749893943,0.0
18,0.0021480456482814094,0.0
19,0.005900850188283706,0.0
20,0.004262335884512476,0.0
21,0.0009854247309404043,0.0
22,0.00254025943897771,0.0
23,0.0018588164094583493,0.0
24,0.0022503029253938037,0.0
25,0.0009353776078734392,0.0
26,0.001178882381626479,0.0
27,0.0007390119439519323,0.0
28,0.0020025856168724176,0.0
29,0.002712231328282047,0.0
30,0.00538795606028937,0.0
31,0.0034686722408182893,0.0
32,0.0010685980587135267,0.0
33,0.007344184200079397,0.0
34,0.001717455015283774,0.0
35,0.0067973856209150325,0.0
36,0.001867389074458852,0.0
37,0.00044334119498425344,0.0
38,0.007761749845706455,1.0
39,0.00912810827824992,3.0
40,0.005130780904853719,0.0
41,0.002476306939773769,0.0
42,0.004520147475048413,0.0
43,0.005263739464987092,0.0
44,0.0018448051128957656,0.0
45,0.00034793779942724086,0.0
46,0.0002486543654589248,0.0
47,0.006928833184491732,0.0
48,0.004112759458304229,0.0
49,0.003923582873204069,0.0
50,0.000717297008330119,0.0
51,0.002091287114266955,0.0
52,0.0021512105448429613,0.0
53,0.003384966574270341,0.0
54,0.0046518754335862856,0.0
55,0.0031184711219185623,0.0
56,0.011292434690359369,0.0
57,0.002981368711033783,0.0
58,0.09244121633847707,3.0
59,0.005128635744136626,0.0
60,0.008513328516560824,0.0
61,0.017317623774623498,0.0
62,0.031012029577309343,2.0
63,0.022334812944655214,0.0
64,0.006772949880170887,0.0
65,0.003806221273801707,0.0
66,0.0120306327269008,0.0
67,0.01929251588187468,0.0
68,0.02446416000559181,0.0
69,0.003898102118193868,0.0
70,0.0005440570449599481,0.0
71,0.0127097183374931,0.0
72,0.023628886261131632,0.0
73,0.021765499248905824,0.0
74,0.005473983849037752,0.0
75,0.02037156357388316,0.0
76,0.001736295445035007,0.0
77,0.0011783956311823686,0.0
78,0.0006931537267747496,0.0
79,0.005408199051257914,0.0
80,0.0030206447257088,0.0
81,0.0016178063068352315,0.0
82,0.012017520785919326,0.0
83,0.004231887013715393,0.0
84,0.018549114763693118,0.0
85,0.005342210325222783,0.0
86,0.012885273213874266,0.0
87,0.002064169735662198,0.0
88,0.01996158428359552,0.0
89,0.0026068135259391108,0.0
90,0.0018191048312039934,0.0
91,0.02665176994108154,0.0
92,0.008761609907120743,0.0
93,0.02286272332626537,0.0
94,0.001849135136979291,0.0
95,0.02234217019968904,0.0
96,0.021652505408333148,0.0
97,0.008270061063631791,0.0
98,0.00023808264113009894,0.0
99,0.0009413018134353752,0.0
100,0.005973291050998511,0.0
101,0.022542666191234826,0.0
102,0.03084736140593375,1.0
103,0.0037762671623526186,0.0
104,0.0017358422383976044,0.0
105,0.002351814473357215,0.0
106,0.0015852832868206814,0.0
107,0.0046518754335862856,0.0
108,0.0015484162060726628,0.0
109,0.0038163375593612656,0.0
110,0.0009213166274435053,0.0
111,0.004731258840169731,0.0
112,0.0018188343147969922,0.0
113,0.003311537058344793,0.0
114,0.005382491707357274,0.0
115,0.011972644213221964,3.0
116,0.006663915744657877,0.0
117,0.002504714128153129,0.0
118,0.0012843123398450225,0.0
119,0.001779058628434348,0.0
120,0.007035419699175158,0.0
121,0.0044221241940956895,0.0
122,0.0021066739430515872,0.0
123,0.00024188098032938493,0.0
124,0.004045652093618802,0.0
125,0.0036057919212641037,0.0
126,0.0057855120863065344,0.0
127,0.0015707874337005305,0.0
128,0.0022247104496736407,0.0
129,0.0006880375293197811,0.0
130,0.0005159248813372773,0.0
131,0.0006115646882549001,0.0
132,0.0015297881858009706,0.0
133,0.0015307217506362286,0.0
134,0.0006441862193701841,0.0
135,0.0044693123678960145,0.0
136,0.002397889215914285,0.0
137,0.0059424615582229405,0.0
138,0.0013765643850978243,0.0
139,0.0049397309050579355,0.0
140,0.0005720192970365268,0.0
141,0.007132396185292387,1.0
142,0.0009005809381262842,0.0
143,0.0010302604670170696,0.0
144,0.008971342485231137,2.0
145,0.003619797507908639,0.0
146,0.006357036031950103,0.0
147,0.0009620093752186383,0.0
148,0.0066014504975543935,0.0
149,0.006215892737557528,0.0
150,0.002475192903221061,0.0
151,0.0002521071959797306,0.0
152,0.00051687811459217,0.0
153,0.002751803132147896,0.0
154,0.006900057043396861,0.0
155,0.005149005998609117,0.0
156,0.0009093608492316828,0.0
157,0.0005539398975211191,0.0
158,0.0010168112798264641,0.0
159,0.0006946480080598876,0.0
160,0.0031184711219185623,0.0
161,0.0015484162060726628,0.0
162,0.0023544988541303945,0.0
163,0.0016915354069770793,0.0
164,0.0035655962244141165,0.0
165,0.0009326229037459538,0.0
166,0.001818527381579743,0.0
167,0.0030334345869998643,0.0
168,0.006714928602719601,3.0
169,0.0053698034012430295,1.0
170,0.0012553422570771686,0.0
171,0.0012154251753876402,0.0
172,0.00093871464541521,0.0
173,0.0032359776075452282,0.0
174,0.0043048152083059055,0.0
175,0.002005411427661945,0.0
176,0.00020685829266687351,0.0
177,0.003516835947562963,0.0
178,0.001906444503535711,0.0
179,0.005011200811530496,0.0
180,0.002471170903698189,0.0
181,0.002557925249073772,0.0
182,0.0006493081718340776,0.0
183,0.0003689457375549368,0.0
184,0.0002526109142349859,0.0
185,0.0020148935949232992,0.0
186,0.001975085704611825,0.0
187,0.00045574360111349247,0.0
188,0.004089407405581947,0.0
189,0.0010060067392684477,0.0
190,0.00514910002686487,0.0
191,0.0023343693550100944,0.0
192,0.002104769150910526,0.0
193,0.0006465913240469174,0.0
194,0.0036004111014857703,0.0
195,0.0009762204450390153,0.0
196,0.001230362628340544,0.0
197,0.004741623708551371,0.0
198,0.0014246527710703733,0.0
199,0.005371276090479626,2.0
200,0.0005761652943077374,0.0
201,0.0052967760026286035,0.0
202,0.005104503526474639,0.0
203,0.0029546740428742072,0.0
204,9.409573993918444e-05,0.0
205,0.0008383794218585005,0.0
206,0.0010778184953653806,0.0
207,0.005364278383659638,0.0
208,0.00388211142474703,0.0
209,0.00206333502005181,0.0
210,0.0006108870374186711,0.0
211,0.0009195072016091377,0.0
212,0.0035146351604729066,0.0
213,0.011292434690359369,0.0
214,0.0038163375593612656,0.0
215,0.0023544988541303945,0.0
216,0.0023246300084225732,0.0
217,0.011308891832351729,0.0
218,0.006281066075264232,0.0
219,0.006779826358404057,0.0
220,0.01165081470915357,0.0
221,0.021563948260358304,3.0
222,0.013777008205977563,0.0
223,0.005044659876913022,0.0
224,0.003388808062169547,0.0
225,0.00631050116407303,0.0
226,0.012359064443320841,0.0
227,0.011026664674110287,0.0
228,0.0033142772175723213,0.0
229,0.0005989735770974285,0.0
230,0.007760602034582077,0.0
231,0.010698034659696,0.0
232,0.013071080992136904,0.0
233,0.0039722669022089615,0.0
234,0.009220418784728032,0.0
235,0.0018174640417718785,0.0
236,0.0013126890557607481,0.0
237,0.0006780155287427551,0.0
238,0.0041443296212617465,0.0
239,0.0023702409280190358,0.0
240,0.0018362158259832386,0.0
241,0.008256004200935,0.0
242,0.0037696686659646227,0.0
243,0.011760812733710579,0.0
244,0.0041011704394552356,0.0
245,0.00873749171925665,0.0
246,0.001994017946161516,0.0
247,0.013104395757201577,0.0
248,0.002725127873729645,0.0
249,0.0015083314932142068,0.0
250,0.01721282900470629,2.0
251,0.008286518924816797,0.0
252,0.0154167764988431,1.0
253,0.0018724574761593078,0.0
254,0.01452759715062268,0.0
255,0.015019941829075012,0.0
256,0.005595667221321756,0.0
257,0.00022337455125648185,0.0
258,0.0007493844342147521,0.0
259,0.005213348829486967,0.0
260,0.013565427457482964,0.0
261,0.013803670696788643,0.0
262,0.002745469193645529,0.0
263,0.002052513360700179,0.0
264,0.0023001559793273483,0.0
265,0.0007296306359387357,0.0
266,0.002981368711033783,0.0
267,0.0009213166274435053,0.0
268,0.0016915354069770793,0.0
269,0.0023246300084225732,0.0
270,0.003421570611283825,0.0
271,0.000890428651745149,0.0
272,0.0017056061401821046,0.0
273,0.003008010544262688,0.0
274,0.0067241287006799075,2.0
275,0.0050584426180231715,0.0
276,0.0013660572245406124,0.0
277,0.0017552318368717868,0.0
278,0.0009465573135917164,0.0
279,0.0031305891988294096,0.0
280,0.004072550902537124,0.0
281,0.017181783666222618,3.0
282,0.001469681338505075,0.0
283,0.002891126478212889,0.0
284,0.001967922049485439,0.0
285,0.004798500030209891,0.0
286,0.003279269105543017,0.0
287,0.0029686236780204784,0.0
288,0.0008224938612049088,0.0
289,0.0005112395234627957,0.0
290,0.0003202267679927415,0.0
291,0.0030542759863809326,0.0
292,0.002147733617582864,0.0
293,0.0006808495047812122,0.0
294,0.0034132930345597964,0.0
295,0.0008878366380585973,0.0
296,0.004495446817151982,0.0
297,0.003563616373929674,0.0
298,0.0019126581873124093,0.0
299,0.0010411066451618408,0.0
300,0.003290486807780289,0.0
301,0.0012742876759354615,0.0
302,0.0007530177757832528,0.0
303,0.004477689741451209,0.0
304,0.0015369127116978119,0.0
305,0.005065083255853267,0.0
306,0.003958939253662018,0.0
307,0.0050646352448503575,0.0
308,0.0051890365182550215,1.0
309,0.003846579993184864,0.0
310,0.0001106174296196604,0.0
311,0.0006720294391527269,0.0
312,0.0011230487028787482,0.0
313,0.004706985466479139,0.0
314,0.0035316544597170665,0.0
315,0.0033496848212159268,0.0
316,0.0008474936665795885,0.0
317,0.0010877992553439244,0.0
318,0.0032311623236531022,0.0
319,0.09244121633847707,3.0
320,0.004731258840169731,0.0
321,0.0035655962244141165,0.0
322,0.011308891832351729,0.0
323,0.003421570611283825,0.0
324,0.004806126577781286,0.0
325,0.008229512386868408,0.0
326,0.01805981035740336,0.0
327,0.0351399570358803,2.0
328,0.0268977690292581,0.0
329,0.006142701065792635,0.0
330,0.003933521428424326,0.0
331,0.009178803084077836,0.0
332,0.020772608476248577,0.0
333,0.030644898723761062,0.0
334,0.0042185506894247705,0.0
335,0.000448741484110472,0.0
336,0.014815896595202884,0.0
337,0.01899457238149839,0.0
338,0.026973207820419984,0.0
339,0.006730028038254005,0.0
340,0.02026308464245184,0.0
341,0.0014474494114026313,0.0
342,0.0009422046570375047,0.0
343,0.0006117687229683587,0.0
344,0.006004242390112174,0.0
345,0.003448173241937564,0.0
346,0.0013920998334451984,0.0
347,0.0151968101336808,0.0
348,0.003853573957850008,0.0
349,0.022626360441513317,0.0
350,0.006367151435564981,0.0
351,0.01246867860564522,0.0
352,0.0017632532689027855,0.0
353,0.02189075530798545,0.0
354,0.0024145241620675733,0.0
355,0.00223420170312592,0.0
356,0.029516135928141382,0.0
357,0.008101614112858924,0.0
358,0.02715926225986974,0.0
359,0.0014403588551204758,0.0
360,0.027168514377081662,0.0
361,0.025899152955785185,0.0
362,0.00968035232277312,0.0
363,0.000226074986561098,0.0
364,0.0011099011285955764,0.0
365,0.005593353900669039,0.0
366,0.027559344662940417,0.0
367,0.032369681115624827,1.0
368,0.0044243723208818135,0.0
369,0.0014792242947798176,0.0
370,0.002086270087397801,0.0
371,0.0060773210973347645,0.0
372,0.005128635744136626,0.0
373,0.0018188343147969922,0.0
374,0.0009326229037459538,0.0
375,0.006281066075264232,0.0
376,0.000890428651745149,0.0
377,0.004806126577781286,0.0
378,0.006314844475276211,0.0
379,0.008587267336806835,0.0
380,0.01112784375035924,2.0
381,0.006094940418050401,0.0
382,0.005712582584074313,0.0
383,0.0028332384884551588,0.0
384,0.00868855062271727,0.0
385,0.008723468884079433,0.0
386,0.003590844906724768,0.0
387,0.0016561579501496455,0.0
388,0.0010095493437929266,0.0
389,0.0026505262705806922,0.0
390,0.009851591362084073,0.0
391,0.005881158217284954,0.0
392,0.0014294047138306122,0.0
393,0.0037366363353285134,0.0
394,0.0025545458352527325,0.0
395,0.0025446700226807546,0.0
396,0.001026248273139925,0.0
397,0.0017018555867405706,0.0
398,0.0008666796571671207,0.0
399,0.002613517012285973,0.0
400,0.002973753393957678,0.0
401,0.005813561985140625,0.0
402,0.004501726975590533,0.0
403,0.00170659250363441,0.0
404,0.01071867861535758,1.0
405,0.0023091843960713074,0.0
406,0.009014706512884278,0.0
407,0.0021023035055588515,0.0
408,0.0006391430306529811,0.0
409,0.009661238657314422,0.0
410,0.013022158015748672,3.0
411,0.008031117230737909,0.0
412,0.0031869481316882053,0.0
413,0.007535551158533203,0.0
414,0.007841866493843162,0.0
415,0.0025761905755230605,0.0
416,0.00033457727448204865,0.0
417,0.00032741397528520565,0.0
418,0.009892536434564994,0.0
419,0.005524118882348682,0.0
420,0.005680986404355895,0.0
421,0.001114305528436673,0.0
422,0.0030271031326997537,0.0
423,0.002774294075171968,0.0
424,0.003988356072142628,0.0
425,0.008513328516560824,0.0
426,0.003311537058344793,0.0
427,0.001818527381579743,0.0
428,0.006779826358404057,0.0
429,0.0017056061401821046,0.0
430,0.008229512386868408,0.0
431,0.006314844475276211,0.0
432,0.009813345914546044,0.0
433,0.01725032971350001,3.0
434,0.010706191101037814,0.0
435,0.009331447495515384,0.0
436,0.0032645674990951865,0.0
437,0.004616619831393015,0.0
438,0.012323888954489241,0.0
439,0.007245660166612371,0.0
440,0.0025598219254312745,0.0
441,0.0006811401769240055,0.0
442,0.005894656280469266,0.0
443,0.008293133226133047,0.0
444,0.00957648602173412,0.0
445,0.0028973521194198765,0.0
446,0.0047135444714051285,0.0
447,0.001858358256627661,0.0
448,0.00145017609281127,0.0
449,0.0005836447674363875,0.0
450,0.003116286698376251,0.0
451,0.001827741612418628,0.0
452,0.0018963730569948184,0.0
453,0.006159289802077281,0.0
454,0.0039456597742483284,0.0
455,0.009190647879846931,0.0
456,0.003117381536087191,0.0
457,0.009967190959286559,0.0
458,0.0021573719890139982,0.0
459,0.013248147476335395,1.0
460,0.0021563868873644746,0.0
461,0.00119219640225603,0.0
462,0.0149952832660762,2.0
463,0.007306171566099364,0.0
464,0.010652001585414187,0.0
465,0.001893918294136652,0.0
466,0.01068537189140278,0.0
467,0.010329925160746285,0.0
468,0.004504377009077493,0.0
469,0.00018005804223949841,0.0
470,0.0005830700683630725,0.0
471,0.005819668468790493,0.0
472,0.010598932071211323,0.0
473,0.008517944919534039,0.0
474,0.002067469264474412,0.0
475,0.0021085012325055517,0.0
476,0.0024772380644266768,0.0
477,0.006550295963169027,0.0
478,0.017317623774623498,0.0
479,0.005382491707357274,0.0
480,0.0030334345869998643,0.0
481,0.01165081470915357,0.0
482,0.003008010544262688,0.0
483,0.01805981035740336,0.0
484,0.008587267336806835,0.0
485,0.009813345914546044,0.0
486,0.03632727983801275,3.0
487,0.024666243862357246,0.0
488,0.008655777466176526,0.0
489,0.004424750053525202,0.0
490,0.011459657680565286,0.0
491,0.02480637684436656,0.0
492,0.016935584740462792,0.0
493,0.0041602939220641046,0.0
494,0.0007805099837078013,0.0
495,0.011166874206004805,0.0
496,0.01809581467756851,0.0
497,0.026990752546740576,0.0
498,0.0050422358952966935,0.0
499,0.015624010685351963,0.0
500,0.002288348700754401,0.0
501,0.0015320903283316,0.0
502,0.000957352796779367,0.0
503,0.005350904658207007,0.0
504,0.003028530296136337,0.0
505,0.002124765520123041,0.0
506,0.014165556631952854,0.0
507,0.007097757832082899,0.0
508,0.01872669607327747,0.0
509,0.005296949721068326,0.0
510,0.01992962351695575,0.0
511,0.0023663003663003663,0.0
512,0.028962471334797436,1.0
513,0.003253374117899595,0.0
514,0.0017027521144974446,0.0
515,0.035604366931347144,2.0
516,0.015055224585504894,0.0
517,0.025008617651273667,0.0
518,0.0023736571342109244,0.0
519,0.02573215216258468,0.0
520,0.023874443284876458,0.0
521,0.008617611983380048,0.0
522,0.0003170376006594382,0.0
523,0.0009507882078603419,0.0
524,0.011392609021202385,0.0
525,0.02353554115888189,0.0
526,0.02382624840717117,0.0
527,0.003993618891553714,0.0
528,0.0022250059129094142,0.0
529,0.0031247986598801625,0.0
530,0.008725452355053395,0.0
531,0.031012029577309343,0.0
532,0.011972644213221964,0.0
533,0.006714928602719601,0.0
534,0.021563948260358304,0.0
535,0.0067241287006799075,0.0
536,0.0351399570358803,0.0
537,0.01112784375035924,0.0
538,0.01725032971350001,0.0
539,0.03632727983801275,0.0
540,0.06816576512137333,1.0
541,0.013000629062696582,0.0
542,0.008795116271751786,0.0
543,0.011195630092770241,0.0
544,0.04506482154891141,0.0
545,0.038385252946585804,0.0
546,0.009101507085972724,0.0
547,0.0012101231085871098,0.0
548,0.026912425978007973,0.0
549,0.021298684445309586,0.0
550,0.059285416459110514,0.0
551,0.012354751039846526,0.0
552,0.018109186875516985,0.0
553,0.003901043529144046,0.0
554,0.00245417023017142,0.0
555,0.0016387415305425706,0.0
556,0.011456494864597992,0.0
557,0.006635493323308425,0.0
558,0.003592071701027309,0.0
559,0.030146168986401062,0.0
560,0.009463828640711302,0.0
561,0.05168319114595343,0.0
562,0.012035197275049671,0.0
563,0.030295262976290236,0.0
564,0.004000621100992848,0.0
565,0.04858616861490237,0.0
566,0.005489148690387436,0.0
567,0.0038481234911112725,0.0
568,0.07964608018981174,3.0
569,0.02226919463660432,0.0
570,0.06857172519400971,2.0
571,0.004102785575469661,0.0
572,0.06698155524799393,0.0
573,0.06476143850845521,0.0
574,0.02016243371240176,0.0
575,0.0006356440393379707,0.0
576,0.0017619951206288968,0.0
577,0.017059498025226143,0.0
578,0.0641598594125091,0.0
579,0.038843626601738686,0.0
580,0.009137192560258335,0.0
581,0.004108331420702318,0.0
582,0.005383372276147441,0.0
583,0.004142441451430437,0.0
584,0.022334812944655214,0.0
585,0.006663915744657877,0.0
586,0.0053698034012430295,0.0
587,0.013777008205977563,0.0
588,0.0050584426180231715,0.0
589,0.0268977690292581,0.0
590,0.006094940418050401,0.0
591,0.010706191101037814,0.0
592,0.024666243862357246,0.0
593,0.06816576512137333,3.0
594,0.007575065704689133,0.0
595,0.00488845922331868,0.0
596,0.005653217687601643,0.0
597,0.02986585360815372,0.0
598,0.033744063784022935,0.0
599,0.005909728649592664,0.0
600,0.000573243237758974,0.0
601,0.021220124753065873,0.0
602,0.01263284912052722,0.0
603,0.05661270915533871,0.0
604,0.010792946142240469,0.0
605,0.014464705111534469,0.0
606,0.001772751668392434,0.0
607,0.0011396835497960716,0.0
608,0.0007578547373926595,0.0
609,0.008368392432958416,0.0
610,0.00449492448110675,0.0
611,0.0017113070107294447,0.0
612,0.02412126280758239,0.0
613,0.0047889126740670454,0.0
614,0.0427615523445215,0.0
615,0.009582477754962355,0.0
616,0.01811880523317374,0.0
617,0.0021422302004869605,0.0
618,0.034988021374563576,0.0
619,0.0029453637360842065,0.0
620,0.003280453754366635,0.0
621,0.04780358441336242,0.0
622,0.014705565838749947,0.0
623,0.060222668934590995,1.0
624,0.0019192173338092367,0.0
625,0.06145452382233881,2.0
626,0.05921592927175644,0.0
627,0.015128312077379991,0.0
628,0.0002620246531021441,0.0
629,0.001487645662494605,0.0
630,0.007130887230028242,0.0
631,0.057439362491856924,0.0
632,0.029228605865809564,0.0
633,0.006545290226791194,0.0
634,0.0018347498271208368,0.0
635,0.0025088867409297144,0.0
636,0.004363253595015364,0.0
637,0.006772949880170887,0.0
638,0.002504714128153129,0.0
639,0.0012553422570771686,0.0
640,0.005044659876913022,0.0
641,0.0013660572245406124,0.0
642,0.006142701065792635,0.0
643,0.005712582584074313,0.0
644,0.009331447495515384,0.0
645,0.008655777466176526,0.0
646,0.013000629062696582,3.0
647,0.007575065704689133,0.0
648,0.0029844807003581377,0.0
649,0.006386066763425254,0.0
650,0.009863964892072323,0.0
651,0.0051247378838654035,0.0
652,0.002021444423647691,0.0
653,0.0007913007964059629,0.0
654,0.0039168135108257575,0.0
655,0.007704399263686944,0.0
656,0.0066648937258351575,0.0
657,0.001942736257641379,0.0
658,0.004164628707886181,0.0
659,0.002100872318723644,0.0
660,0.00195995044653588,0.0
661,0.0008017609586145571,0.0
662,0.0022155932673713786,0.0
663,0.001207949802360616,0.0
664,0.002276201800577544,0.0
665,0.004177716317891537,0.0
666,0.005041613316261203,0.0
667,0.006206554121151936,0.0
668,0.002264499851122847,0.0
669,0.010181857053140744,1.0
670,0.0020630496941619315,0.0
671,0.010150960699867831,0.0
672,0.0022207556854488128,0.0
673,0.0008170500073053883,0.0
674,0.01190248482846163,2.0
675,0.007797125648518099,0.0
676,0.007547243594130356,0.0
677,0.002167616197655905,0.0
678,0.007069762676263784,0.0
679,0.0069559168767933215,0.0
680,0.003419414836540525,0.0
681,0.0002993801070724148,0.0
682,0.0004207699769379509,0.0
683,0.007110648629899409,0.0
684,0.007909572428678945,0.0
685,0.006639441329107311,0.0
686,0.0015556790221446144,0.0
687,0.0024445031712473572,0.0
688,0.002338601091347176,0.0
689,0.00204688097263838,0.0
690,0.003806221273801707,0.0
691,0.0012843123398450225,0.0
692,0.0012154251753876402,0.0
693,0.003388808062169547,0.0
694,0.0017552318368717868,0.0
695,0.003933521428424326,0.0
696,0.0028332384884551588,0.0
697,0.0032645674990951865,0.0
698,0.004424750053525202,0.0
699,0.008795116271751786,0.0
700,0.00488845922331868,0.0
701,0.0029844807003581377,0.0
702,0.002909462283868516,0.0
703,0.005100532737583778,0.0
704,0.0031824826410037765,0.0
705,0.002356675414569321,0.0
706,0.0007757334659373446,0.0
707,0.0023245015023217693,0.0
708,0.003969856008612569,0.0
709,0.004148334852389043,0.0
710,0.016229110167686606,1.0
711,0.0257049031819726,2.0
712,0.0021732946464129268,0.0
713,0.0044309854354295285,0.0
714,0.0006167604656541518,0.0
715,0.01522726194054644,0.0
716,0.001510542545212101,0.0
717,0.005501554250752455,0.0
718,0.002424863481555968,0.0
719,0.002468173551571837,0.0
720,0.004100507384040466,0.0
721,0.05593241109853591,3.0
722,0.005348475323845543,0.0
723,0.002407574820383499,0.0
724,0.005681349732796678,0.0
725,0.002498703903587425,0.0
726,0.0006361065118868947,0.0
727,0.006544426305970149,0.0
728,0.003965320250016802,0.0
729,0.004810914735245352,0.0
730,0.0020046011650903415,0.0
731,0.004406574765535126,0.0
732,0.0045904526892575105,0.0
733,0.003920080385366758,0.0
734,0.00030386670380593044,0.0
735,0.00045280724987826923,0.0
736,0.0035361442530907525,0.0
737,0.004630323694321536,0.0
738,0.003577014998848685,0.0
739,0.002084983079902602,0.0
740,0.0058857653912160685,0.0
741,0.002673767964378511,0.0
742,0.005846580102843457,0.0
743,0.0120306327269008,0.0
744,0.001779058628434348,0.0
745,0.00093871464541521,0.0
746,0.00631050116407303,0.0
747,0.0009465573135917164,0.0
748,0.009178803084077836,0.0
749,0.00868855062271727,0.0
750,0.004616619831393015,0.0
751,0.011459657680565286,0.0
752,0.011195630092770241,0.0
753,0.005653217687601643,0.0
754,0.006386066763425254,0.0
755,0.002909462283868516,0.0
756,0.008488758004954891,0.0
757,0.0059824046920821106,0.0
758,0.001710773773603698,0.0
759,0.0009026434558349453,0.0
760,0.002866387862877377,0.0
761,0.049461348991117864,1.0
762,0.0064313051560040855,0.0
763,0.0013742088733719132,0.0
764,0.060498043890213335,2.0
765,0.002308860759493671,0.0
766,0.0021709777342405552,0.0
767,0.0009945110639355864,0.0
768,0.00173100790384741,0.0
769,0.0009263065264084199,0.0
770,0.002584707928004136,0.0
771,0.0034368787504709627,0.0
772,0.006779587593138105,0.0
773,0.0043347813282285375,0.0
774,0.0016197076992617153,0.0
775,0.010473798417824252,0.0
776,0.0017423957942170483,0.0
777,0.009967442497550286,0.0
778,0.0022109638538995086,0.0
779,0.0005636575819883618,0.0
780,0.011113812736814378,0.0
781,0.009041840674493736,0.0
782,0.0060605738688876394,0.0
783,0.0025963873921661692,0.0
784,0.006052541011815993,0.0
785,0.0056476778746532025,0.0
786,0.0024977633899251703,0.0
787,0.0004447519272583514,0.0
788,0.00036282315999182,0.0
789,0.009302456298128273,0.0
790,0.0056116665213310005,0.0
791,0.08075416166766647,3.0
792,0.0011116207899873774,0.0
793,0.0025094953879544217,0.0
794,0.002728462658776248,0.0
795,0.006326066861808657,0.0
796,0.01929251588187468,0.0
797,0.007035419699175158,0.0
798,0.0032359776075452282,0.0
799,0.012359064443320841,0.0
800,0.0031305891988294096,0.0
801,0.020772608476248577,0.0
802,0.008723468884079433,0.0
803,0.012323888954489241,0.0
804,0.02480637684436656,0.0
805,0.04506482154891141,1.0
806,0.02986585360815372,0.0
807,0.009863964892072323,0.0
808,0.005100532737583778,0.0
809,0.008488758004954891,0.0
810,0.01878006476473654,0.0
811,0.004578572968312137,0.0
812,0.0008028741271785058,0.0
813,0.013897139565444366,0.0
814,0.0162862770290781,0.0
815,0.026733939247330408,0.0
816,0.005686819488826414,0.0
817,0.011693100234976515,0.0
818,0.002386074004446775,0.0
819,0.00168622145035239,0.0
820,0.0008806382866301494,0.0
821,0.00594354718733785,0.0
822,0.0035773557071731524,0.0
823,0.0024271610883698533,0.0
824,0.014693365933674813,0.0
825,0.00686926979103644,0.0
826,0.02657773916914053,0.0
827,0.005749519485408013,0.0
828,0.055762392106449406,2.0
829,0.0028003316593920623,0.0
830,0.07044616330294028,3.0
831,0.0034967027019328005,0.0
832,0.002004887466179689,0.0
833,0.04159451907509392,0.0
834,0.014335317903080397,0.0
835,0.028789779307746868,0.0
836,0.002616237150567538,0.0
837,0.02795925384681509,0.0
838,0.027296811070542062,0.0
839,0.00937401822180333,0.0
840,0.00036367567992608537,0.0
841,0.0009586248526488752,0.0
842,0.012090987000382036,0.0
843,0.0350521821261582,0.0
844,0.02131494339924921,0.0
845,0.0040035562470480375,0.0
846,0.0025023933876150485,0.0
847,0.003237814907800191,0.0
848,0.002814386502104687,0.0
849,0.02446416000559181,0.0
850,0.0044221241940956895,0.0
851,0.0043048152083059055,0.0
852,0.011026664674110287,0.0
853,0.004072550902537124,0.0
854,0.030644898723761062,0.0
855,0.003590844906724768,0.0
856,0.007245660166612371,0.0
857,0.016935584740462792,0.0
858,0.038385252946585804,3.0
859,0.033744063784022935,0.0
860,0.0051247378838654035,0.0
861,0.0031824826410037765,0.0
862,0.0059824046920821106,0.0
863,0.01878006476473654,0.0
864,0.004194438752757121,0.0
865,0.0003690494852902754,0.0
866,0.016801284495454243,0.0
867,0.01328657969174642,0.0
868,0.03502768631353824,0.0
869,0.008496074666494558,0.0
870,0.0182784603950219,0.0
871,0.0011174440511435065,0.0
872,0.0007023194276451373,0.0
873,0.0004621524158427197,0.0
874,0.006432151597241307,0.0
875,0.0036447821441291705,0.0
876,0.001032402078755537,0.0
877,0.019188203522189373,0.0
878,0.0032481399834665197,0.0
879,0.029094360556836507,0.0
880,0.0072885874920303705,0.0
881,0.010281519365400308,0.0
882,0.0013999427149877545,0.0
883,0.019899074207885892,0.0
884,0.002010497892070287,0.0
885,0.002696509644333453,0.0
886,0.029531176172059567,0.0
887,0.006920614683503099,0.0
888,0.0350286065797446,1.0
889,0.001139403723957124,0.0
890,0.03596803130214228,2.0
891,0.03384495439769333,0.0
892,0.010246271641620478,0.0
893,0.00015810332227781214,0.0
894,0.001281587004472621,0.0
895,0.0045400273116603645,0.0
896,0.03363220018993266,0.0
897,0.029821125701596406,0.0
898,0.005169348673120676,0.0
899,0.001185918774966711,0.0
900,0.0015549858409155649,0.0
901,0.0012710802391779155,0.0
902,0.003898102118193868,0.0
903,0.0021066739430515872,0.0
904,0.002005411427661945,0.0
905,0.0033142772175723213,0.0
906,0.017181783666222618,2.0
907,0.0042185506894247705,0.0
908,0.0016561579501496455,0.0
909,0.0025598219254312745,0.0
910,0.0041602939220641046,0.0
911,0.009101507085972724,1.0
912,0.005909728649592664,0.0
913,0.002021444423647691,0.0
914,0.002356675414569321,0.0
915,0.001710773773603698,0.0
916,0.004578572968312137,0.0
917,0.004194438752757121,0.0
918,0.006400213875150381,0.0
919,0.003676738662100204,0.0
920,0.002945888173111101,0.0
921,0.004944942903752039,0.0
922,0.002963841138114997,0.0
923,0.00289608485528626,0.0
924,0.0013649919706354668,0.0
925,0.0008786158421194918,0.0
926,0.0006317974637844668,0.0
927,0.0030237746492156165,0.0
928,0.002501897148007304,0.0
929,0.0009609473388921053,0.0
930,0.00405144381141404,0.0
931,0.0018404585370983856,0.0
932,0.005375448806153721,0.0
933,0.0031463218261306835,0.0
934,0.003454814943981865,0.0
935,0.0014721236166214242,0.0
936,0.004784123259388614,0.0
937,0.0019741740800250807,0.0
938,0.0010479663251367207,0.0
939,0.006562624334461377,0.0
940,0.0024865006344275075,0.0
941,0.005586574344535213,0.0
942,0.017785627223203402,3.0
943,0.005479571899332186,0.0
944,0.005394386170811023,0.0
945,0.003960949622751745,0.0
946,0.0002054914569948688,0.0
947,0.0007670840278338011,0.0
948,0.0017811879153250669,0.0
949,0.005616748349669934,0.0
950,0.004229210813302953,0.0
951,0.0025209607976433264,0.0
952,0.0012823770661340172,0.0
953,0.001947240386546745,0.0
954,0.0008993568749893943,0.0
955,0.0005440570449599481,0.0
956,0.00024188098032938493,0.0
957,0.00020685829266687351,0.0
958,0.0005989735770974285,0.0
959,0.001469681338505075,1.0
960,0.000448741484110472,0.0
961,0.0010095493437929266,0.0
962,0.0006811401769240055,0.0
963,0.0007805099837078013,0.0
964,0.0012101231085871098,0.0
965,0.000573243237758974,0.0
966,0.0007913007964059629,0.0
967,0.0007757334659373446,0.0
968,0.0009026434558349453,0.0
969,0.0008028741271785058,0.0
970,0.0003690494852902754,0.0
971,0.006400213875150381,3.0
972,0.00031692311270832606,0.0
973,0.0008063849143991398,0.0
974,0.00047863527582891856,0.0
975,0.00029395988205238545,0.0
976,0.00035240896701020554,0.0
977,0.0009434392927248656,0.0
978,0.000850072995398518,0.0
979,0.0004079907910650017,0.0
980,0.0004118473303622522,0.0
981,0.0002653399668325041,0.0
982,0.000865874363327674,0.0
983,0.0003471401775374052,0.0
984,0.0011038233882578786,0.0
985,0.00046650175045152235,0.0
986,0.0003839012198657129,0.0
987,0.0010685330377058595,0.0
988,0.0007959766995911576,0.0
989,0.0009078570080268939,0.0
990,0.0006911501366592315,0.0
991,0.00014994405933171085,0.0
992,0.0009039705166539184,0.0
993,0.00102822400381486,0.0
994,0.0005913747263059118,0.0
995,0.006077337474358237,2.0
996,0.0004866242364481553,0.0
997,0.0005124708875355184,0.0
998,0.00048160598908041866,0.0
999,0.0002640194318301826,0.0
1000,0.00010438446887576322,0.0
1001,0.0010592404283183113,0.0
1002,0.0005442679123302712,0.0
1003,0.00043531634438746634,0.0
1004,0.0003111061729178902,0.0
1005,0.0009740152540694027,0.0
1006,0.0010058794361408232,0.0
1007,0.0021480456482814094,0.0
1008,0.0127097183374931,0.0
1009,0.004045652093618802,0.0
1010,0.003516835947562963,0.0
1011,0.007760602034582077,0.0
1012,0.002891126478212889,0.0
1013,0.014815896595202884,0.0
1014,0.0026505262705806922,0.0
1015,0.005894656280469266,0.0
1016,0.011166874206004805,0.0
1017,0.026912425978007973,3.0
1018,0.021220124753065873,0.0
1019,0.0039168135108257575,0.0
1020,0.0023245015023217693,0.0
1021,0.002866387862877377,0.0
1022,0.013897139565444366,0.0
1023,0.016801284495454243,0.0
1024,0.003676738662100204,0.0
1025,0.00031692311270832606,0.0
1026,0.006552978651753626,0.0
1027,0.020670790890106767,0.0
1028,0.005363316860528575,0.0
1029,0.008660206461676562,0.0
1030,0.0009237261785810238,0.0
1031,0.0005943759521746339,0.0
1032,0.0004099599316533953,0.0
1033,0.004395245638005875,0.0
1034,0.003160914959751335,0.0
1035,0.0008383418092155956,0.0
1036,0.015451606062947213,0.0
1037,0.002621471682009389,0.0
1038,0.019853606942252064,0.0
1039,0.00461192264565381,0.0
1040,0.007540707187319155,0.0
1041,0.0011306666054461398,0.0
1042,0.014118858495598472,0.0
1043,0.0016978587038109034,0.0
1044,0.002357001771569366,0.0
1045,0.020202418299623225,0.0
1046,0.0050893415420133715,0.0
1047,0.022320156202808417,0.0
1048,0.0009316643112766004,0.0
1049,0.02250823801511353,2.0
1050,0.021760011898392686,0.0
1051,0.006979264199972647,0.0
1052,0.00013028750108572918,0.0
1053,0.0011145535931406543,0.0
1054,0.003216011389909095,0.0
1055,0.02249167965137373,1.0
1056,0.01652034857895119,0.0
1057,0.003367467337289318,0.0
1058,0.0009689565931976793,0.0
1059,0.0013655227810254814,0.0
1060,0.005900850188283706,0.0
1061,0.023628886261131632,0.0
1062,0.0036057919212641037,0.0
1063,0.001906444503535711,0.0
1064,0.010698034659696,0.0
1065,0.001967922049485439,0.0
1066,0.01899457238149839,0.0
1067,0.009851591362084073,0.0
1068,0.008293133226133047,0.0
1069,0.01809581467756851,0.0
1070,0.021298684445309586,0.0
1071,0.01263284912052722,0.0
1072,0.007704399263686944,0.0
1073,0.003969856008612569,0.0
1074,0.049461348991117864,2.0
1075,0.0162862770290781,0.0
1076,0.01328657969174642,0.0
1077,0.002945888173111101,0.0
1078,0.0008063849143991398,0.0
1079,0.006552978651753626,0.0
1080,0.01340228546639725,0.0
1081,0.0030402815777310147,0.0
1082,0.04409780320613159,1.0
1083,0.002260209604701236,0.0
1084,0.001918326225865662,0.0
1085,0.0008508192009198045,0.0
1086,0.003461652758479443,0.0
1087,0.0018308755057267472,0.0
1088,0.002589130828780778,0.0
1089,0.0075537108158173815,0.0
1090,0.006567230632235085,0.0
1091,0.010325396825396826,0.0
1092,0.003259995614355676,0.0
1093,0.01417153891541061,0.0
1094,0.002330564964498385,0.0
1095,0.018179433165891185,0.0
1096,0.0028636934618188844,0.0
1097,0.0011141233705945703,0.0
1098,0.020308259741817474,0.0
1099,0.011456724242849787,0.0
1100,0.01370686329915588,0.0
1101,0.002396925128001475,0.0
1102,0.013316812673932062,0.0
1103,0.01276937039616708,0.0
1104,0.005410833066591833,0.0
1105,0.0002794039382650346,0.0
1106,0.0005990228439857482,0.0
1107,0.009463497936530523,0.0
1108,0.013225105491663,0.0
1109,0.057299729102167185,3.0
1110,0.002285878848421034,0.0
1111,0.002483527622909275,0.0
1112,0.0028224128818972014,0.0
1113,0.004262335884512476,0.0
1114,0.021765499248905824,0.0
1115,0.0057855120863065344,0.0
1116,0.005011200811530496,0.0
1117,0.013071080992136904,0.0
1118,0.004798500030209891,0.0
1119,0.026973207820419984,0.0
1120,0.005881158217284954,0.0
1121,0.00957648602173412,0.0
1122,0.026990752546740576,0.0
1123,0.059285416459110514,2.0
1124,0.05661270915533871,0.0
1125,0.0066648937258351575,0.0
1126,0.004148334852389043,0.0
1127,0.0064313051560040855,0.0
1128,0.026733939247330408,0.0
1129,0.03502768631353824,0.0
1130,0.004944942903752039,0.0
1131,0.00047863527582891856,0.0
1132,0.020670790890106767,0.0
1133,0.01340228546639725,0.0
1134,0.009956858317877593,0.0
1135,0.018174081220491318,0.0
1136,0.0014841660195012512,0.0
1137,0.000903822396628152,0.0
1138,0.0006263528369096518,0.0
1139,0.0073954392270833376,0.0
1140,0.004217003275471098,0.0
1141,0.001364668856656428,0.0
1142,0.024250094327757515,0.0
1143,0.004339970162705132,0.0
1144,0.0390301138055174,0.0
1145,0.008824290294942055,0.0
1146,0.015294771968854282,0.0
1147,0.0017069644148124347,0.0
1148,0.029443158297092827,0.0
1149,0.002565416201501781,0.0
1150,0.0030644496158144835,0.0
1151,0.044327685505014036,0.0
1152,0.014131381101261315,0.0
1153,0.058701651869177786,1.0
1154,0.0014343060341667278,0.0
1155,0.06389728474008942,3.0
1156,0.0562202947385937,0.0
1157,0.013806023769353179,0.0
1158,0.00021087864606935663,0.0
1159,0.0013971279005934624,0.0
1160,0.006780220838857363,0.0
1161,0.04980177869173937,0.0
1162,0.031881267670757316,0.0
1163,0.006294328452526462,0.0
1164,0.0015399074290605682,0.0
1165,0.002091714276055576,0.0
1166,0.0009854247309404043,0.0
1167,0.005473983849037752,0.0
1168,0.0015707874337005305,0.0
1169,0.002471170903698189,0.0
1170,0.0039722669022089615,0.0
1171,0.003279269105543017,0.0
1172,0.006730028038254005,0.0
1173,0.0014294047138306122,0.0
1174,0.0028973521194198765,0.0
1175,0.0050422358952966935,0.0
1176,0.012354751039846526,0.0
1177,0.010792946142240469,0.0
1178,0.001942736257641379,0.0
1179,0.016229110167686606,1.0
1180,0.0013742088733719132,0.0
1181,0.005686819488826414,0.0
1182,0.008496074666494558,0.0
1183,0.002963841138114997,0.0
1184,0.00029395988205238545,0.0
1185,0.005363316860528575,0.0
1186,0.0030402815777310147,0.0
1187,0.009956858317877593,0.0
1188,0.01622297193971466,0.0
1189,0.0009706534893102057,0.0
1190,0.0026594004736545983,0.0
1191,0.00027793044868591987,0.0
1192,0.04354470486021113,2.0
1193,0.002655711246423593,0.0
1194,0.005397832493276865,0.0
1195,0.005644385224665038,0.0
1196,0.0013021123509654414,0.0
1197,0.008756329224789748,0.0
1198,0.045680442086614086,3.0
1199,0.0034031317388747303,0.0
1200,0.0012734969149088822,0.0
1201,0.0059667186630140605,0.0
1202,0.0017171437790992484,0.0
1203,0.0012632986476873859,0.0
1204,0.00865146750381161,0.0
1205,0.002478812429204803,0.0
1206,0.01056327994335855,0.0
1207,0.0007835236176404746,0.0
1208,0.01064293976478918,0.0
1209,0.010309607269262184,0.0
1210,0.007168715180681105,0.0
1211,0.0001070007684600644,0.0
1212,0.0009996648720737788,0.0
1213,0.0015880389695538007,0.0
1214,0.00982095020825772,0.0
1215,0.0064677247446048615,0.0
1216,0.004239322273208613,0.0
1217,0.0033411389343592736,0.0
1218,0.001176361040412192,0.0
1219,0.00254025943897771,0.0
1220,0.02037156357388316,0.0
1221,0.0022247104496736407,0.0
1222,0.002557925249073772,0.0
1223,0.009220418784728032,0.0
1224,0.0029686236780204784,0.0
1225,0.02026308464245184,0.0
1226,0.0037366363353285134,0.0
1227,0.0047135444714051285,0.0
1228,0.015624010685351963,0.0
1229,0.018109186875516985,0.0
1230,0.014464705111534469,0.0
1231,0.004164628707886181,0.0
1232,0.0257049031819726,0.0
1233,0.060498043890213335,2.0
1234,0.011693100234976515,0.0
1235,0.0182784603950219,0.0
1236,0.00289608485528626,0.0
1237,0.00035240896701020554,0.0
1238,0.008660206461676562,0.0
1239,0.04409780320613159,1.0
1240,0.018174081220491318,0.0
1241,0.01622297193971466,0.0
1242,0.0010172518376466066,0.0
1243,0.0014459236378965947,0.0
1244,0.00038757812121505744,0.0
1245,0.01348368388278048,0.0
1246,0.002347267339146293,0.0
1247,0.0023858873025939275,0.0
1248,0.01060266725652298,0.0
1249,0.0031348440586696363,0.0
1250,0.012029315254362443,0.0
1251,0.020937276088074587,0.0
1252,0.007265827302757372,0.0
1253,0.0011393350104910815,0.0
1254,0.012947211011239568,0.0
1255,0.0015955446701694125,0.0
1256,0.00137241664791401,0.0
1257,0.016756049206994708,0.0
1258,0.005344627262846221,0.0
1259,0.0161410000197867,0.0
1260,0.0009012764774780141,0.0
1261,0.01748273502146457,0.0
1262,0.01560299627259099,0.0
1263,0.006250320576231196,0.0
1264,0.00015203611442471873,0.0
1265,0.0008365738410169236,0.0
1266,0.0039860428887087285,0.0
1267,0.014866288561716998,0.0
1268,0.1898854739626754,3.0
1269,0.003877919368031257,0.0
1270,0.001932549043714797,0.0
1271,0.0013319076987964734,0.0
1272,0.0018588164094583493,0.0
1273,0.001736295445035007,0.0
1274,0.0006880375293197811,0.0
1275,0.0006493081718340776,0.0
1276,0.0018174640417718785,0.0
1277,0.0008224938612049088,0.0
1278,0.0014474494114026313,0.0
1279,0.0025545458352527325,0.0
1280,0.001858358256627661,0.0
1281,0.002288348700754401,0.0
1282,0.003901043529144046,3.0
1283,0.001772751668392434,0.0
1284,0.002100872318723644,0.0
1285,0.0021732946464129268,0.0
1286,0.002308860759493671,0.0
1287,0.002386074004446775,0.0
1288,0.0011174440511435065,0.0
1289,0.0013649919706354668,0.0
1290,0.0009434392927248656,0.0
1291,0.0009237261785810238,0.0
1292,0.002260209604701236,0.0
1293,0.0014841660195012512,0.0
1294,0.0009706534893102057,0.0
1295,0.0010172518376466066,0.0
1296,0.002147268867014089,0.0
1297,0.0009113001215066828,0.0
1298,0.0012660376233354588,0.0
1299,0.0007847967118736305,0.0
1300,0.0022493781767059587,0.0
1301,0.0009874718297913586,0.0
1302,0.002487711906911425,0.0
1303,0.0014299354266501952,0.0
1304,0.0012241920126623495,0.0
1305,0.00308661822390843,0.0
1306,0.0021351705289529123,0.0
1307,0.0024547095936542714,0.0
1308,0.0020403728207852427,0.0
1309,0.000360570528974699,0.0
1310,0.0031352861314866733,0.0
1311,0.002718539336162084,0.0
1312,0.0016775813653011572,0.0
1313,0.0034940247113631764,1.0
1314,0.001543307370872104,0.0
1315,0.0015931301121019606,0.0
1316,0.0014666328343060134,0.0
1317,0.0004983125325601939,0.0
1318,0.0002967052602072347,0.0
1319,0.003693420616928602,2.0
1320,0.0015858791308375455,0.0
1321,0.0013591150548483552,0.0
1322,0.0009558774889197592,0.0
1323,0.002796969254211109,0.0
1324,0.0034012430939226517,0.0
1325,0.0022503029253938037,0.0
1326,0.0011783956311823686,0.0
1327,0.0005159248813372773,0.0
1328,0.0003689457375549368,0.0
1329,0.0013126890557607481,0.0
1330,0.0005112395234627957,0.0
1331,0.0009422046570375047,0.0
1332,0.0025446700226807546,0.0
1333,0.00145017609281127,0.0
1334,0.0015320903283316,0.0
1335,0.00245417023017142,0.0
1336,0.0011396835497960716,0.0
1337,0.00195995044653588,0.0
1338,0.0044309854354295285,1.0
1339,0.0021709777342405552,0.0
1340,0.00168622145035239,0.0
1341,0.0007023194276451373,0.0
1342,0.0008786158421194918,0.0
1343,0.000850072995398518,0.0
1344,0.0005943759521746339,0.0
1345,0.001918326225865662,0.0
1346,0.000903822396628152,0.0
1347,0.0026594004736545983,0.0
1348,0.0014459236378965947,0.0
1349,0.002147268867014089,0.0
1350,0.0006086564472497746,0.0
1351,0.002669586577454348,0.0
1352,0.0004681051518230918,0.0
1353,0.004533510438624354,2.0
1354,0.0005713711652204489,0.0
1355,0.002275045108653017,0.0
1356,0.0009312988036392293,0.0
1357,0.0028440942836735136,0.0
1358,0.002490118577075099,0.0
1359,0.001722138862365298,0.0
1360,0.0018509576694028648,0.0
1361,0.0017129057621026618,0.0
1362,0.0002318899027070625,0.0
1363,0.002004868967492482,0.0
1364,0.002637906482713542,0.0
1365,0.0010812968908555554,0.0
1366,0.00286820593718629,0.0
1367,0.0009285802721930684,0.0
1368,0.0009934115709285566,0.0
1369,0.000976025365874702,0.0
1370,0.00027654017514211086,0.0
1371,0.00019551191536506412,0.0
1372,0.0033267040318206475,0.0
1373,0.0010159123962699974,0.0
1374,0.000842058126347658,0.0
1375,0.0005606460844202301,0.0
1376,0.007134003580773998,3.0
1377,0.002267035149840228,0.0
1378,0.0009353776078734392,0.0
1379,0.0006931537267747496,0.0
1380,0.0006115646882549001,0.0
1381,0.0002526109142349859,0.0
1382,0.0006780155287427551,0.0
1383,0.0003202267679927415,0.0
1384,0.0006117687229683587,0.0
1385,0.001026248273139925,0.0
1386,0.0005836447674363875,0.0
1387,0.000957352796779367,0.0
1388,0.0016387415305425706,2.0
1389,0.0007578547373926595,0.0
1390,0.0008017609586145571,0.0
1391,0.0006167604656541518,0.0
1392,0.0009945110639355864,0.0
1393,0.0008806382866301494,0.0
1394,0.0004621524158427197,0.0
1395,0.0006317974637844668,0.0
1396,0.0004079907910650017,0.0
1397,0.0004099599316533953,0.0
1398,0.0008508192009198045,0.0
1399,0.0006263528369096518,0.0
1400,0.00027793044868591987,0.0
1401,0.00038757812121505744,0.0
1402,0.0009113001215066828,0.0
1403,0.0006086564472497746,0.0
1404,0.0003576036031957993,0.0
1405,0.00027553139211525734,0.0
1406,0.0005493722912893971,0.0
1407,0.00043237010881314416,0.0
1408,0.0011372898383152947,0.0
1409,0.0005895462726830162,0.0
1410,0.0003584214792217366,0.0
1411,0.0012285766939001167,0.0
1412,0.0006013886610901537,0.0
1413,0.0010246507320341286,0.0
1414,0.0005598320503848843,0.0
1415,0.00015868631242396282,0.0
1416,0.0013106035424284154,1.0
1417,0.0010635886527295868,0.0
1418,0.0006363706345744271,0.0
1419,0.0010139596302584418,0.0
1420,0.0006592016533490116,0.0
1421,0.0006465641104235713,0.0
1422,0.0004700893169702244,0.0
1423,0.0004674783791249657,0.0
1424,0.00011257127474732644,0.0
1425,0.001304213796210666,0.0
1426,0.0006896893916840329,0.0
1427,0.0005591798695246972,0.0
1428,0.00031777023573965115,0.0
1429,0.0005903071564904273,0.0
1430,0.05505326144134666,3.0
1431,0.001178882381626479,0.0
1432,0.005408199051257914,0.0
1433,0.0015297881858009706,0.0
1434,0.0020148935949232992,0.0
1435,0.0041443296212617465,0.0
1436,0.0030542759863809326,0.0
1437,0.006004242390112174,0.0
1438,0.0017018555867405706,0.0
1439,0.003116286698376251,0.0
1440,0.005350904658207007,0.0
1441,0.011456494864597992,0.0
1442,0.008368392432958416,0.0
1443,0.0022155932673713786,0.0
1444,0.01522726194054644,1.0
1445,0.00173100790384741,0.0
1446,0.00594354718733785,0.0
1447,0.006432151597241307,0.0
1448,0.0030237746492156165,0.0
1449,0.0004118473303622522,0.0
1450,0.004395245638005875,0.0
1451,0.003461652758479443,0.0
1452,0.0073954392270833376,0.0
1453,0.04354470486021113,3.0
1454,0.01348368388278048,0.0
1455,0.0012660376233354588,0.0
1456,0.002669586577454348,0.0
1457,0.0003576036031957993,0.0
1458,0.002591006174064261,0.0
1459,0.0072353280994005295,0.0
1460,0.004471941295166304,0.0
1461,0.0014478854354829699,0.0
1462,0.00701145255739234,0.0
1463,0.025799882225929924,2.0
1464,0.0037947656886267093,0.0
1465,0.0016156256510333627,0.0
1466,0.006147144423743154,0.0
1467,0.0021067160655261342,0.0
1468,0.0009725196288365454,0.0
1469,0.008132149296385794,0.0
1470,0.0029581753208868145,0.0
1471,0.008380639629693971,0.0
1472,0.0011249859376757786,0.0
1473,0.008280882569789913,0.0
1474,0.008267828009761755,0.0
1475,0.006182303363802862,0.0
1476,0.00012912482065997129,0.0
1477,0.0007625963890867425,0.0
1478,0.0020273248126928163,0.0
1479,0.007665459226192931,0.0
1480,0.005764337546203704,0.0
1481,0.003785649627320021,0.0
1482,0.003288546462463591,0.0
1483,0.0015345199689506485,0.0
1484,0.0007390119439519323,0.0
1485,0.0030206447257088,0.0
1486,0.0015307217506362286,0.0
1487,0.001975085704611825,0.0
1488,0.0023702409280190358,0.0
1489,0.002147733617582864,0.0
1490,0.003448173241937564,0.0
1491,0.0008666796571671207,0.0
1492,0.001827741612418628,0.0
1493,0.003028530296136337,0.0
1494,0.006635493323308425,3.0
1495,0.00449492448110675,0.0
1496,0.001207949802360616,0.0
1497,0.001510542545212101,0.0
1498,0.0009263065264084199,0.0
1499,0.0035773557071731524,0.0
1500,0.0036447821441291705,0.0
1501,0.002501897148007304,0.0
1502,0.0002653399668325041,0.0
1503,0.003160914959751335,0.0
1504,0.0018308755057267472,0.0
1505,0.004217003275471098,0.0
1506,0.002655711246423593,0.0
1507,0.002347267339146293,0.0
1508,0.0007847967118736305,0.0
1509,0.0004681051518230918,0.0
1510,0.00027553139211525734,0.0
1511,0.002591006174064261,0.0
1512,0.0005725670283186977,0.0
1513,0.0035562638629616796,0.0
1514,0.0010291158853865544,0.0
1515,0.004312745613763653,0.0
1516,0.0025469099225531467,0.0
1517,0.002112831333539872,0.0
1518,0.000944490698404466,0.0
1519,0.003501668486757257,0.0
1520,0.0013591582192124276,0.0
1521,0.0009755951877274108,0.0
1522,0.004718093890068414,2.0
1523,0.0014749346692380552,0.0
1524,0.00439115948740436,0.0
1525,0.0007151818200781336,0.0
1526,0.004605117011309968,1.0
1527,0.004440530951237831,0.0
1528,0.002995135186653499,0.0
1529,0.00011462766582802325,0.0
1530,0.0007979110842320409,0.0
1531,0.0011033512056348442,0.0
1532,0.004525874702604147,0.0
1533,0.003338296280128465,0.0
1534,0.0023211006261457195,0.0
1535,0.0008285076397125514,0.0
1536,0.0011440581012025321,0.0
1537,0.0020025856168724176,0.0
1538,0.0016178063068352315,0.0
1539,0.0006441862193701841,0.0
1540,0.00045574360111349247,0.0
1541,0.0018362158259832386,0.0
1542,0.0006808495047812122,0.0
1543,0.0013920998334451984,0.0
1544,0.002613517012285973,0.0
1545,0.0018963730569948184,0.0
1546,0.002124765520123041,0.0
1547,0.003592071701027309,0.0
1548,0.0017113070107294447,0.0
1549,0.002276201800577544,0.0
1550,0.005501554250752455,2.0
1551,0.002584707928004136,0.0
1552,0.0024271610883698533,0.0
1553,0.001032402078755537,0.0
1554,0.0009609473388921053,0.0
1555,0.000865874363327674,0.0
1556,0.0008383418092155956,0.0
1557,0.002589130828780778,0.0
1558,0.001364668856656428,0.0
1559,0.005397832493276865,1.0
1560,0.0023858873025939275,0.0
1561,0.0022493781767059587,0.0
1562,0.004533510438624354,0.0
1563,0.0005493722912893971,0.0
1564,0.0072353280994005295,3.0
1565,0.0005725670283186977,0.0
1566,0.0007948805977996963,0.0
1567,0.002440271451148089,0.0
1568,0.001349382739106886,0.0
1569,0.0032401438556015467,0.0
1570,0.003285969631863073,0.0
1571,0.0019389926696618586,0.0
1572,0.0026479530124551864,0.0
1573,0.0019207746247253688,0.0
1574,0.00026162744252184887,0.0
1575,0.002772952723772053,0.0
1576,0.003065681169158408,0.0
1577,0.0015665006536088927,0.0
1578,0.0025704580923528873,0.0
1579,0.0014293363130572431,0.0
1580,0.0014919599933690664,0.0
1581,0.0014403389527579335,0.0
1582,0.00029465338047787417,0.0
1583,0.0001923025914431978,0.0
1584,0.003698908821897541,0.0
1585,0.0015431857401296068,0.0
1586,0.0012462185353602619,0.0
1587,0.0007512105656750912,0.0
1588,0.004283072130828385,0.0
1589,0.00223078879909203,0.0
1590,0.002712231328282047,0.0
1591,0.012017520785919326,0.0
1592,0.0044693123678960145,0.0
1593,0.004089407405581947,0.0
1594,0.008256004200935,0.0
1595,0.0034132930345597964,0.0
1596,0.0151968101336808,0.0
1597,0.002973753393957678,0.0
1598,0.006159289802077281,0.0
1599,0.014165556631952854,0.0
1600,0.030146168986401062,3.0
1601,0.02412126280758239,0.0
1602,0.004177716317891537,0.0
1603,0.002424863481555968,0.0
1604,0.0034368787504709627,0.0
1605,0.014693365933674813,0.0
1606,0.019188203522189373,0.0
1607,0.00405144381141404,0.0
1608,0.0003471401775374052,0.0
1609,0.015451606062947213,0.0
1610,0.0075537108158173815,0.0
1611,0.024250094327757515,0.0
1612,0.005644385224665038,0.0
1613,0.01060266725652298,0.0
1614,0.0009874718297913586,0.0
1615,0.0005713711652204489,0.0
1616,0.00043237010881314416,0.0
1617,0.004471941295166304,0.0
1618,0.0035562638629616796,0.0
1619,0.0007948805977996963,0.0
1620,0.015238782732642257,0.0
1621,0.022587050492598473,0.0
1622,0.004983711537388418,0.0
1623,0.008228997194124166,0.0
1624,0.0011602598060667481,0.0
1625,0.015311310458647216,0.0
1626,0.0018254462201871566,0.0
1627,0.002542654786499841,0.0
1628,0.02452650691627994,0.0
1629,0.005396274790739763,0.0
1630,0.024783221435013332,0.0
1631,0.001013961715838019,0.0
1632,0.025166136607003203,1.0
1633,0.024496446969571484,0.0
1634,0.007337588108003222,0.0
1635,0.00014631124448608954,0.0
1636,0.0012196812821758574,0.0
1637,0.004479315173719665,0.0
1638,0.02517069151083008,2.0
1639,0.018725576105412062,0.0
1640,0.0039004252499033523,0.0
1641,0.0010277144430803128,0.0
1642,0.00145669902448926,0.0
1643,0.00538795606028937,0.0
1644,0.004231887013715393,0.0
1645,0.002397889215914285,0.0
1646,0.0010060067392684477,0.0
1647,0.0037696686659646227,0.0
1648,0.0008878366380585973,0.0
1649,0.003853573957850008,0.0
1650,0.005813561985140625,0.0
1651,0.0039456597742483284,0.0
1652,0.007097757832082899,0.0
1653,0.009463828640711302,1.0
1654,0.0047889126740670454,0.0
1655,0.005041613316261203,0.0
1656,0.002468173551571837,0.0
1657,0.006779587593138105,0.0
1658,0.00686926979103644,0.0
1659,0.0032481399834665197,0.0
1660,0.0018404585370983856,0.0
1661,0.0011038233882578786,0.0
1662,0.002621471682009389,0.0
1663,0.006567230632235085,0.0
1664,0.004339970162705132,0.0
1665,0.0013021123509654414,0.0
1666,0.0031348440586696363,0.0
1667,0.002487711906911425,0.0
1668,0.002275045108653017,0.0
1669,0.0011372898383152947,0.0
1670,0.0014478854354829699,0.0
1671,0.0010291158853865544,0.0
1672,0.002440271451148089,0.0
1673,0.015238782732642257,3.0
1674,0.003953494779182853,0.0
1675,0.0014619760904253096,0.0
1676,0.00861060731901622,0.0
1677,0.001983742262659408,0.0
1678,0.007800459220583147,0.0
1679,0.002348626618605644,0.0
1680,0.0006821038939407759,0.0
1681,0.009578930386383805,2.0
1682,0.007592614279579965,0.0
1683,0.004752670396744659,0.0
1684,0.0034996830995618518,0.0
1685,0.0043773895922525705,0.0
1686,0.0044751007761117435,0.0
1687,0.002311148713133825,0.0
1688,0.0006106199013238237,0.0
1689,0.0003493587947780748,0.0
1690,0.008820592477532453,0.0
1691,0.0046719646302086255,0.0
1692,0.004648204782881139,0.0
1693,0.0009226665062029264,0.0
1694,0.002617332557827389,0.0
1695,0.0028329647432968398,0.0
1696,0.0034686722408182893,0.0
1697,0.018549114763693118,0.0
1698,0.0059424615582229405,0.0
1699,0.00514910002686487,0.0
1700,0.011760812733710579,0.0
1701,0.004495446817151982,0.0
1702,0.022626360441513317,0.0
1703,0.004501726975590533,0.0
1704,0.009190647879846931,0.0
1705,0.01872669607327747,0.0
1706,0.05168319114595343,3.0
1707,0.0427615523445215,1.0
1708,0.006206554121151936,0.0
1709,0.004100507384040466,0.0
1710,0.0043347813282285375,0.0
1711,0.02657773916914053,0.0
1712,0.029094360556836507,0.0
1713,0.005375448806153721,0.0
1714,0.00046650175045152235,0.0
1715,0.019853606942252064,0.0
1716,0.010325396825396826,0.0
1717,0.0390301138055174,0.0
1718,0.008756329224789748,0.0
1719,0.012029315254362443,0.0
1720,0.0014299354266501952,0.0
1721,0.0009312988036392293,0.0
1722,0.0005895462726830162,0.0
1723,0.00701145255739234,0.0
1724,0.004312745613763653,0.0
1725,0.001349382739106886,0.0
1726,0.022587050492598473,0.0
1727,0.003953494779182853,0.0
1728,0.008133071568106862,0.0
1729,0.016129242507853882,0.0
1730,0.0017968923837792675,0.0
1731,0.029348311402768237,0.0
1732,0.002544214703008793,0.0
1733,0.003058629153799007,0.0
1734,0.037636874815034034,0.0
1735,0.008427092608081735,0.0
1736,0.04266422140713571,0.0
1737,0.0015041001190745928,0.0
1738,0.0420497049075959,0.0
1739,0.04032946249675647,0.0
1740,0.012173036299923012,0.0
1741,0.000212178078703922,0.0
1742,0.0014614959445736985,0.0
1743,0.005550300198845538,0.0
1744,0.05119146672486463,2.0
1745,0.0240188056832645,0.0
1746,0.005407451353138682,0.0
1747,0.001528867803897223,0.0
1748,0.0021473764373032486,0.0
1749,0.0010685980587135267,0.0
1750,0.005342210325222783,0.0
1751,0.0013765643850978243,0.0
1752,0.0023343693550100944,0.0
1753,0.0041011704394552356,0.0
1754,0.003563616373929674,0.0
1755,0.006367151435564981,0.0
1756,0.00170659250363441,0.0
1757,0.003117381536087191,0.0
1758,0.005296949721068326,0.0
1759,0.012035197275049671,0.0
1760,0.009582477754962355,0.0
1761,0.002264499851122847,0.0
1762,0.05593241109853591,3.0
1763,0.0016197076992617153,0.0
1764,0.005749519485408013,0.0
1765,0.0072885874920303705,0.0
1766,0.0031463218261306835,0.0
1767,0.0003839012198657129,0.0
1768,0.00461192264565381,0.0
1769,0.003259995614355676,0.0
1770,0.008824290294942055,0.0
1771,0.045680442086614086,2.0
1772,0.020937276088074587,0.0
1773,0.0012241920126623495,0.0
1774,0.0028440942836735136,0.0
1775,0.0003584214792217366,0.0
1776,0.025799882225929924,1.0
1777,0.0025469099225531467,0.0
1778,0.0032401438556015467,0.0
1779,0.004983711537388418,0.0
1780,0.0014619760904253096,0.0
1781,0.008133071568106862,0.0
1782,0.003785336092563979,0.0
1783,0.0015203476399970749,0.0
1784,0.0059727288186768365,0.0
1785,0.0019421040071956968,0.0
1786,0.0010529547286848397,0.0
1787,0.00860793313694595,0.0
1788,0.00265985786768744,0.0
1789,0.00964875491480996,0.0
1790,0.0010739872431271363,0.0
1791,0.009203252269803166,0.0
1792,0.009374344086728487,0.0
1793,0.006826053330643263,0.0
1794,0.0001454819302884821,0.0
1795,0.0008629422579071774,0.0
1796,0.0018967205090553109,0.0
1797,0.00872006903924675,0.0
1798,0.006128722854824032,0.0
1799,0.004580227161377281,0.0
1800,0.003638415604760261,0.0
1801,0.001454680636988488,0.0
1802,0.007344184200079397,0.0
1803,0.012885273213874266,0.0
1804,0.0049397309050579355,0.0
1805,0.002104769150910526,0.0
1806,0.00873749171925665,0.0
1807,0.0019126581873124093,0.0
1808,0.01246867860564522,0.0
1809,0.01071867861535758,0.0
1810,0.009967190959286559,0.0
1811,0.01992962351695575,0.0
1812,0.030295262976290236,1.0
1813,0.01811880523317374,0.0
1814,0.010181857053140744,0.0
1815,0.005348475323845543,0.0
1816,0.010473798417824252,0.0
1817,0.055762392106449406,2.0
1818,0.010281519365400308,0.0
1819,0.003454814943981865,0.0
1820,0.0010685330377058595,0.0
1821,0.007540707187319155,0.0
1822,0.01417153891541061,0.0
1823,0.015294771968854282,0.0
1824,0.0034031317388747303,0.0
1825,0.007265827302757372,0.0
1826,0.00308661822390843,0.0
1827,0.002490118577075099,0.0
1828,0.0012285766939001167,0.0
1829,0.0037947656886267093,0.0
1830,0.002112831333539872,0.0
1831,0.003285969631863073,0.0
1832,0.008228997194124166,0.0
1833,0.00861060731901622,0.0
1834,0.016129242507853882,0.0
1835,0.003785336092563979,0.0
1836,0.002795828925494937,0.0
1837,0.10456849022628972,3.0
1838,0.003424657534246575,0.0
1839,0.0012928673591635846,0.0
1840,0.02860985340924373,0.0
1841,0.014294026072051956,0.0
1842,0.016057087446231882,0.0
1843,0.003453379378391712,0.0
1844,0.015687702055002296,0.0
1845,0.014881229189531057,0.0
1846,0.00613961067302936,0.0
1847,0.0004127502298268325,0.0
1848,0.000691231215226467,0.0
1849,0.013963768564995559,0.0
1850,0.02143132159014342,0.0
1851,0.012665502530890122,0.0
1852,0.0024173975575616717,0.0
1853,0.003522546047212632,0.0
1854,0.0037869751908396953,0.0
1855,0.001717455015283774,0.0
1856,0.002064169735662198,0.0
1857,0.0005720192970365268,0.0
1858,0.0006465913240469174,0.0
1859,0.001994017946161516,0.0
1860,0.0010411066451618408,0.0
1861,0.0017632532689027855,0.0
1862,0.0023091843960713074,0.0
1863,0.0021573719890139982,0.0
1864,0.0023663003663003663,0.0
1865,0.004000621100992848,3.0
1866,0.0021422302004869605,0.0
1867,0.0020630496941619315,0.0
1868,0.002407574820383499,0.0
1869,0.0017423957942170483,0.0
1870,0.0028003316593920623,0.0
1871,0.0013999427149877545,0.0
1872,0.0014721236166214242,0.0
1873,0.0007959766995911576,0.0
1874,0.0011306666054461398,0.0
1875,0.002330564964498385,0.0
1876,0.0017069644148124347,0.0
1877,0.0012734969149088822,0.0
1878,0.0011393350104910815,0.0
1879,0.0021351705289529123,0.0
1880,0.001722138862365298,0.0
1881,0.0006013886610901537,0.0
1882,0.0016156256510333627,0.0
1883,0.000944490698404466,0.0
1884,0.0019389926696618586,0.0
1885,0.0011602598060667481,0.0
1886,0.001983742262659408,0.0
1887,0.0017968923837792675,0.0
1888,0.0015203476399970749,0.0
1889,0.002795828925494937,0.0
1890,0.002927815107180489,1.0
1891,0.002199384172431719,0.0
1892,0.00037352614397145954,0.0
1893,0.0031024476723280066,2.0
1894,0.0024008598428274307,0.0
1895,0.0019699440096010864,0.0
1896,0.0021694652180047976,0.0
1897,0.0018090300751249988,0.0
1898,0.0019320076742393,0.0
1899,0.0017549591598599768,0.0
1900,0.0002445027628812205,0.0
1901,0.0003092949509990705,0.0
1902,0.0026922191324678085,0.0
1903,0.001959893989658432,0.0
1904,0.0015410688443691222,0.0
1905,0.001157914502096764,0.0
1906,0.0026263650186610144,0.0
1907,0.002476038338658147,0.0
1908,0.0067973856209150325,0.0
1909,0.01996158428359552,0.0
1910,0.007132396185292387,0.0
1911,0.0036004111014857703,0.0
1912,0.013104395757201577,0.0
1913,0.003290486807780289,0.0
1914,0.02189075530798545,0.0
1915,0.009014706512884278,0.0
1916,0.013248147476335395,0.0
1917,0.028962471334797436,0.0
1918,0.04858616861490237,1.0
1919,0.034988021374563576,0.0
1920,0.010150960699867831,0.0
1921,0.005681349732796678,0.0
1922,0.009967442497550286,0.0
1923,0.07044616330294028,2.0
1924,0.019899074207885892,0.0
1925,0.004784123259388614,0.0
1926,0.0009078570080268939,0.0
1927,0.014118858495598472,0.0
1928,0.018179433165891185,0.0
1929,0.029443158297092827,0.0
1930,0.0059667186630140605,0.0
1931,0.012947211011239568,0.0
1932,0.0024547095936542714,0.0
1933,0.0018509576694028648,0.0
1934,0.0010246507320341286,0.0
1935,0.006147144423743154,0.0
1936,0.003501668486757257,0.0
1937,0.0026479530124551864,0.0
1938,0.015311310458647216,0.0
1939,0.007800459220583147,0.0
1940,0.029348311402768237,0.0
1941,0.0059727288186768365,0.0
1942,0.10456849022628972,3.0
1943,0.002927815107180489,0.0
1944,0.0038952337919321922,0.0
1945,0.002041358760213574,0.0
1946,0.04478863146223897,0.0
1947,0.016244061015253813,0.0
1948,0.030584014451925868,0.0
1949,0.002904857109255557,0.0
1950,0.030714692141830383,0.0
1951,0.02864552259583641,0.0
1952,0.01043762160736075,0.0
1953,0.000367962713111738,0.0
1954,0.0010723541605968574,0.0
1955,0.01276048730437654,0.0
1956,0.040309302839917766,0.0
1957,0.023127572956772417,0.0
1958,0.0041624266257323074,0.0
1959,0.002846655180163308,0.0
1960,0.003528138109691264,0.0
1961,0.001867389074458852,0.0
1962,0.0026068135259391108,0.0
1963,0.0009005809381262842,0.0
1964,0.0009762204450390153,0.0
1965,0.002725127873729645,0.0
1966,0.0012742876759354615,0.0
1967,0.0024145241620675733,0.0
1968,0.0021023035055588515,0.0
1969,0.0021563868873644746,0.0
1970,0.003253374117899595,0.0
1971,0.005489148690387436,3.0
1972,0.0029453637360842065,0.0
1973,0.0022207556854488128,0.0
1974,0.002498703903587425,0.0
1975,0.0022109638538995086,0.0
1976,0.0034967027019328005,0.0
1977,0.002010497892070287,0.0
1978,0.0019741740800250807,0.0
1979,0.0006911501366592315,0.0
1980,0.0016978587038109034,0.0
1981,0.0028636934618188844,0.0
1982,0.002565416201501781,0.0
1983,0.0017171437790992484,0.0
1984,0.0015955446701694125,0.0
1985,0.0020403728207852427,0.0
1986,0.0017129057621026618,0.0
1987,0.0005598320503848843,0.0
1988,0.0021067160655261342,0.0
1989,0.0013591582192124276,0.0
1990,0.0019207746247253688,0.0
1991,0.0018254462201871566,0.0
1992,0.002348626618605644,0.0
1993,0.002544214703008793,0.0
1994,0.0019421040071956968,0.0
1995,0.003424657534246575,0.0
1996,0.002199384172431719,0.0
1997,0.0038952337919321922,1.0
1998,0.0005043690269027833,0.0
1999,0.004411352991472393,2.0
2000,0.002849780923091537,0.0
2001,0.002800842507859047,0.0
2002,0.0022231204527081647,0.0
2003,0.002565856996236743,0.0
2004,0.0027794279894763642,0.0
2005,0.002437992117305776,0.0
2006,0.00021643557659790328,0.0
2007,0.0004157490751146045,0.0
2008,0.002853624972839864,0.0
2009,0.0026619498782858445,0.0
2010,0.0022849827208310212,0.0
2011,0.0014573221404569489,0.0
2012,0.0023685396151123124,0.0
2013,0.002417442072614486,0.0
2014,0.00044334119498425344,0.0
2015,0.0018191048312039934,0.0
2016,0.0010302604670170696,0.0
2017,0.001230362628340544,0.0
2018,0.0015083314932142068,0.0
2019,0.0007530177757832528,0.0
2020,0.00223420170312592,0.0
2021,0.0006391430306529811,0.0
2022,0.00119219640225603,0.0
2023,0.0017027521144974446,0.0
2024,0.0038481234911112725,3.0
2025,0.003280453754366635,0.0
2026,0.0008170500073053883,0.0
2027,0.0006361065118868947,0.0
2028,0.0005636575819883618,0.0
2029,0.002004887466179689,0.0
2030,0.002696509644333453,0.0
2031,0.0010479663251367207,0.0
2032,0.00014994405933171085,0.0
2033,0.002357001771569366,0.0
2034,0.0011141233705945703,0.0
2035,0.0030644496158144835,0.0
2036,0.0012632986476873859,0.0
2037,0.00137241664791401,0.0
2038,0.000360570528974699,0.0
2039,0.0002318899027070625,0.0
2040,0.00015868631242396282,0.0
2041,0.0009725196288365454,0.0
2042,0.0009755951877274108,0.0
2043,0.00026162744252184887,0.0
2044,0.002542654786499841,0.0
2045,0.0006821038939407759,0.0
2046,0.003058629153799007,0.0
2047,0.0010529547286848397,0.0
2048,0.0012928673591635846,0.0
2049,0.00037352614397145954,0.0
2050,0.002041358760213574,0.0
2051,0.0005043690269027833,0.0
2052,0.0026846963330100925,0.0
2053,0.0009078083306151484,0.0
2054,0.003284242442993719,1.0
2055,0.00035022157081459915,0.0
2056,0.003311743154276349,2.0
2057,0.003257309259632232,0.0
2058,0.0014105324875254596,0.0
2059,5.615431204951206e-05,0.0
2060,0.0006970343162581845,0.0
2061,0.0006703987556102856,0.0
2062,0.0032766553616952864,0.0
2063,0.002382618795884026,0.0
2064,0.0008231844686364075,0.0
2065,0.00035629973765192503,0.0
2066,0.0004781448759457998,0.0
2067,0.007761749845706455,0.0
2068,0.02665176994108154,0.0
2069,0.008971342485231137,0.0
2070,0.004741623708551371,0.0
2071,0.01721282900470629,0.0
2072,0.004477689741451209,0.0
2073,0.029516135928141382,0.0
2074,0.009661238657314422,0.0
2075,0.0149952832660762,0.0
2076,0.035604366931347144,0.0
2077,0.07964608018981174,2.0
2078,0.04780358441336242,0.0
2079,0.01190248482846163,0.0
2080,0.006544426305970149,0.0
2081,0.011113812736814378,0.0
2082,0.04159451907509392,0.0
2083,0.029531176172059567,0.0
2084,0.006562624334461377,0.0
2085,0.0009039705166539184,0.0
2086,0.020202418299623225,0.0
2087,0.020308259741817474,0.0
2088,0.044327685505014036,0.0
2089,0.00865146750381161,0.0
2090,0.016756049206994708,0.0
2091,0.0031352861314866733,0.0
2092,0.002004868967492482,0.0
2093,0.0013106035424284154,0.0
2094,0.008132149296385794,0.0
2095,0.004718093890068414,0.0
2096,0.002772952723772053,0.0
2097,0.02452650691627994,0.0
2098,0.009578930386383805,0.0
2099,0.037636874815034034,0.0
2100,0.00860793313694595,0.0
2101,0.02860985340924373,0.0
2102,0.0031024476723280066,0.0
2103,0.04478863146223897,0.0
2104,0.004411352991472393,0.0
2105,0.0026846963330100925,0.0
2106,0.02018849015148595,0.0
2107,0.04930079494682394,1.0
2108,0.0031972260686502977,0.0
2109,0.04655025412186777,0.0
2110,0.045781008169582506,0.0
2111,0.015098566853775253,0.0
2112,0.0004920838682071031,0.0
2113,0.0013285529692248894,0.0
2114,0.0936223050005644,3.0
2115,0.048128924539944114,0.0
2116,0.03270091296774581,0.0
2117,0.005940211163274765,0.0
2118,0.003095433977786919,0.0
2119,0.004382243522204921,0.0
2120,0.00912810827824992,0.0
2121,0.008761609907120743,0.0
2122,0.003619797507908639,0.0
2123,0.0014246527710703733,0.0
2124,0.008286518924816797,0.0
2125,0.0015369127116978119,0.0
2126,0.008101614112858924,0.0
2127,0.013022158015748672,0.0
2128,0.007306171566099364,0.0
2129,0.015055224585504894,0.0
2130,0.02226919463660432,1.0
2131,0.014705565838749947,0.0
2132,0.007797125648518099,0.0
2133,0.003965320250016802,0.0
2134,0.009041840674493736,0.0
2135,0.014335317903080397,0.0
2136,0.006920614683503099,0.0
2137,0.0024865006344275075,0.0
2138,0.00102822400381486,0.0
2139,0.0050893415420133715,0.0
2140,0.011456724242849787,0.0
2141,0.014131381101261315,0.0
2142,0.002478812429204803,0.0
2143,0.005344627262846221,0.0
2144,0.002718539336162084,0.0
2145,0.002637906482713542,0.0
2146,0.0010635886527295868,0.0
2147,0.0029581753208868145,0.0
2148,0.0014749346692380552,0.0
2149,0.003065681169158408,0.0
2150,0.005396274790739763,0.0
2151,0.007592614279579965,0.0
2152,0.008427092608081735,0.0
2153,0.00265985786768744,0.0
2154,0.014294026072051956,0.0
2155,0.0024008598428274307,0.0
2156,0.016244061015253813,0.0
2157,0.002849780923091537,0.0
2158,0.0009078083306151484,0.0
2159,0.02018849015148595,0.0
2160,0.058665921833943674,2.0
2161,0.0033508621743915863,0.0
2162,0.01860164760012736,0.0
2163,0.0672012273668061,3.0
2164,0.0045102021276059645,0.0
2165,0.00028547586630945585,0.0
2166,0.0005004726686314853,0.0
2167,0.012546742767171815,0.0
2168,0.011229045531129857,0.0
2169,0.009045879455416085,0.0
2170,0.0018239944160748558,0.0
2171,0.003265852570083979,0.0
2172,0.003254143553254987,0.0
2173,0.005130780904853719,0.0
2174,0.02286272332626537,0.0
2175,0.006357036031950103,0.0
2176,0.005371276090479626,0.0
2177,0.0154167764988431,0.0
2178,0.005065083255853267,0.0
2179,0.02715926225986974,0.0
2180,0.008031117230737909,0.0
2181,0.010652001585414187,0.0
2182,0.025008617651273667,0.0
2183,0.06857172519400971,1.0
2184,0.060222668934590995,0.0
2185,0.007547243594130356,0.0
2186,0.004810914735245352,0.0
2187,0.0060605738688876394,0.0
2188,0.028789779307746868,0.0
2189,0.0350286065797446,0.0
2190,0.005586574344535213,0.0
2191,0.0005913747263059118,0.0
2192,0.022320156202808417,0.0
2193,0.01370686329915588,0.0
2194,0.058701651869177786,0.0
2195,0.01056327994335855,0.0
2196,0.0161410000197867,0.0
2197,0.0016775813653011572,0.0
2198,0.0010812968908555554,0.0
2199,0.0006363706345744271,0.0
2200,0.008380639629693971,0.0
2201,0.00439115948740436,0.0
2202,0.0015665006536088927,0.0
2203,0.024783221435013332,0.0
2204,0.004752670396744659,0.0
2205,0.04266422140713571,0.0
2206,0.00964875491480996,0.0
2207,0.016057087446231882,0.0
2208,0.0019699440096010864,0.0
2209,0.030584014451925868,0.0
2210,0.002800842507859047,0.0
2211,0.003284242442993719,0.0
2212,0.04930079494682394,0.0
2213,0.058665921833943674,0.0
2214,0.0017658237427615239,0.0
2215,0.07555486514301249,2.0
2216,0.1399231382785875,3.0
2217,0.015592023599382034,0.0
2218,0.00026770104895104896,0.0
2219,0.0014874673531626707,0.0
2220,0.007521751333146225,0.0
2221,0.051893374891487584,0.0
2222,0.031024543186568675,0.0
2223,0.0067470327334208146,0.0
2224,0.0017719486081370448,0.0
2225,0.002438888070280625,0.0
2226,0.002476306939773769,0.0
2227,0.001849135136979291,0.0
2228,0.0009620093752186383,0.0
2229,0.0005761652943077374,0.0
2230,0.0018724574761593078,0.0
2231,0.003958939253662018,0.0
2232,0.0014403588551204758,0.0
2233,0.0031869481316882053,0.0
2234,0.001893918294136652,0.0
2235,0.0023736571342109244,0.0
2236,0.004102785575469661,0.0
2237,0.0019192173338092367,0.0
2238,0.002167616197655905,0.0
2239,0.0020046011650903415,0.0
2240,0.0025963873921661692,0.0
2241,0.002616237150567538,0.0
2242,0.001139403723957124,0.0
2243,0.017785627223203402,3.0
2244,0.006077337474358237,2.0
2245,0.0009316643112766004,0.0
2246,0.002396925128001475,0.0
2247,0.0014343060341667278,0.0
2248,0.0007835236176404746,0.0
2249,0.0009012764774780141,0.0
2250,0.0034940247113631764,0.0
2251,0.00286820593718629,0.0
2252,0.0010139596302584418,0.0
2253,0.0011249859376757786,0.0
2254,0.0007151818200781336,0.0
2255,0.0025704580923528873,0.0
2256,0.001013961715838019,0.0
2257,0.0034996830995618518,0.0
2258,0.0015041001190745928,0.0
2259,0.0010739872431271363,0.0
2260,0.003453379378391712,0.0
2261,0.0021694652180047976,0.0
2262,0.002904857109255557,0.0
2263,0.0022231204527081647,0.0
2264,0.00035022157081459915,0.0
2265,0.0031972260686502977,0.0
2266,0.0033508621743915863,0.0
2267,0.0017658237427615239,0.0
2268,0.0015909942993376466,0.0
2269,0.001632627594526018,0.0
2270,0.001346093060263551,0.0
2271,0.0006537443205962148,0.0
2272,0.0002598591395812412,0.0
2273,0.004979963428393573,1.0
2274,0.0016426039595400714,0.0
2275,0.0013218868091421493,0.0
2276,0.0008310709734611336,0.0
2277,0.003434925625127354,0.0
2278,0.003741772608421242,0.0
2279,0.004520147475048413,0.0
2280,0.02234217019968904,0.0
2281,0.0066014504975543935,0.0
2282,0.0052967760026286035,0.0
2283,0.01452759715062268,0.0
2284,0.0050646352448503575,0.0
2285,0.027168514377081662,0.0
2286,0.007535551158533203,0.0
2287,0.01068537189140278,0.0
2288,0.02573215216258468,0.0
2289,0.06698155524799393,1.0
2290,0.06145452382233881,0.0
2291,0.007069762676263784,0.0
2292,0.004406574765535126,0.0
2293,0.006052541011815993,0.0
2294,0.02795925384681509,0.0
2295,0.03596803130214228,0.0
2296,0.005479571899332186,0.0
2297,0.0004866242364481553,0.0
2298,0.02250823801511353,0.0
2299,0.013316812673932062,0.0
2300,0.06389728474008942,0.0
2301,0.01064293976478918,0.0
2302,0.01748273502146457,0.0
2303,0.001543307370872104,0.0
2304,0.0009285802721930684,0.0
2305,0.0006592016533490116,0.0
2306,0.008280882569789913,0.0
2307,0.004605117011309968,0.0
2308,0.0014293363130572431,0.0
2309,0.025166136607003203,0.0
2310,0.0043773895922525705,0.0
2311,0.0420497049075959,0.0
2312,0.009203252269803166,0.0
2313,0.015687702055002296,0.0
2314,0.0018090300751249988,0.0
2315,0.030714692141830383,0.0
2316,0.002565856996236743,0.0
2317,0.003311743154276349,0.0
2318,0.04655025412186777,0.0
2319,0.01860164760012736,0.0
2320,0.07555486514301249,3.0
2321,0.0015909942993376466,0.0
2322,0.07294209393377739,2.0
2323,0.014406455142231947,0.0
2324,0.00023977545733642382,0.0
2325,0.0015322708047825345,0.0
2326,0.006587780125018647,0.0
2327,0.05318946124223129,0.0
2328,0.03238823349403402,0.0
2329,0.0066215039605852745,0.0
2330,0.0016076947597466495,0.0
2331,0.0021989667505629886,0.0
2332,0.005263739464987092,0.0
2333,0.021652505408333148,0.0
2334,0.006215892737557528,0.0
2335,0.005104503526474639,0.0
2336,0.015019941829075012,0.0
2337,0.0051890365182550215,0.0
2338,0.025899152955785185,0.0
2339,0.007841866493843162,0.0
2340,0.010329925160746285,0.0
2341,0.023874443284876458,0.0
2342,0.06476143850845521,0.0
2343,0.05921592927175644,0.0
2344,0.0069559168767933215,0.0
2345,0.0045904526892575105,0.0
2346,0.0056476778746532025,0.0
2347,0.027296811070542062,0.0
2348,0.03384495439769333,0.0
2349,0.005394386170811023,0.0
2350,0.0005124708875355184,0.0
2351,0.021760011898392686,0.0
2352,0.01276937039616708,0.0
2353,0.0562202947385937,0.0
2354,0.010309607269262184,0.0
2355,0.01560299627259099,0.0
2356,0.0015931301121019606,0.0
2357,0.0009934115709285566,0.0
2358,0.0006465641104235713,0.0
2359,0.008267828009761755,0.0
2360,0.004440530951237831,0.0
2361,0.0014919599933690664,0.0
2362,0.024496446969571484,0.0
2363,0.0044751007761117435,0.0
2364,0.04032946249675647,0.0
2365,0.009374344086728487,0.0
2366,0.014881229189531057,0.0
2367,0.0019320076742393,0.0
2368,0.02864552259583641,0.0
2369,0.0027794279894763642,0.0
2370,0.003257309259632232,0.0
2371,0.045781008169582506,0.0
2372,0.0672012273668061,1.0
2373,0.1399231382785875,3.0
2374,0.001632627594526018,0.0
2375,0.07294209393377739,2.0
2376,0.014613498265129388,0.0
2377,0.00023352506079266528,0.0
2378,0.0014524194975519915,0.0
2379,0.007106007048742523,0.0
2380,0.04894440334604224,0.0
2381,0.029922813847547206,0.0
2382,0.006749097044633678,0.0
2383,0.0016737985762749015,0.0
2384,0.002343987245672639,0.0
2385,0.0018448051128957656,0.0
2386,0.008270061063631791,0.0
2387,0.002475192903221061,0.0
2388,0.0029546740428742072,0.0
2389,0.005595667221321756,0.0
2390,0.003846579993184864,0.0
2391,0.00968035232277312,0.0
2392,0.0025761905755230605,0.0
2393,0.004504377009077493,0.0
2394,0.008617611983380048,0.0
2395,0.02016243371240176,3.0
2396,0.015128312077379991,1.0
2397,0.003419414836540525,0.0
2398,0.003920080385366758,0.0
2399,0.0024977633899251703,0.0
2400,0.00937401822180333,0.0
2401,0.010246271641620478,0.0
2402,0.003960949622751745,0.0
2403,0.00048160598908041866,0.0
2404,0.006979264199972647,0.0
2405,0.005410833066591833,0.0
2406,0.013806023769353179,0.0
2407,0.007168715180681105,0.0
2408,0.006250320576231196,0.0
2409,0.0014666328343060134,0.0
2410,0.000976025365874702,0.0
2411,0.0004700893169702244,0.0
2412,0.006182303363802862,0.0
2413,0.002995135186653499,0.0
2414,0.0014403389527579335,0.0
2415,0.007337588108003222,0.0
2416,0.002311148713133825,0.0
2417,0.012173036299923012,0.0
2418,0.006826053330643263,0.0
2419,0.00613961067302936,0.0
2420,0.0017549591598599768,0.0
2421,0.01043762160736075,0.0
2422,0.002437992117305776,0.0
2423,0.0014105324875254596,0.0
2424,0.015098566853775253,0.0
2425,0.0045102021276059645,0.0
2426,0.015592023599382034,2.0
2427,0.001346093060263551,0.0
2428,0.014406455142231947,0.0
2429,0.014613498265129388,0.0
2430,0.000201969736429494,0.0
2431,0.0009681299575216404,0.0
2432,0.003017620063626492,0.0
2433,0.01413202734176624,0.0
2434,0.0096496062883083,0.0
2435,0.004944683177323016,0.0
2436,0.0015632572027075614,0.0
2437,0.0019314771342822327,0.0
2438,0.00034793779942724086,0.0
2439,0.00023808264113009894,0.0
2440,0.0002521071959797306,0.0
2441,9.409573993918444e-05,0.0
2442,0.00022337455125648185,0.0
2443,0.0001106174296196604,0.0
2444,0.000226074986561098,0.0
2445,0.00033457727448204865,0.0
2446,0.00018005804223949841,0.0
2447,0.0003170376006594382,0.0
2448,0.0006356440393379707,1.0
2449,0.0002620246531021441,0.0
2450,0.0002993801070724148,0.0
2451,0.00030386670380593044,0.0
2452,0.0004447519272583514,0.0
2453,0.00036367567992608537,0.0
2454,0.00015810332227781214,0.0
2455,0.0002054914569948688,0.0
2456,0.0002640194318301826,0.0
2457,0.00013028750108572918,0.0
2458,0.0002794039382650346,0.0
2459,0.00021087864606935663,0.0
2460,0.0001070007684600644,0.0
2461,0.00015203611442471873,0.0
2462,0.0004983125325601939,0.0
2463,0.00027654017514211086,0.0
2464,0.0004674783791249657,0.0
2465,0.00012912482065997129,0.0
2466,0.00011462766582802325,0.0
2467,0.00029465338047787417,0.0
2468,0.00014631124448608954,0.0
2469,0.0006106199013238237,0.0
2470,0.000212178078703922,0.0
2471,0.0001454819302884821,0.0
2472,0.0004127502298268325,0.0
2473,0.0002445027628812205,0.0
2474,0.000367962713111738,0.0
2475,0.00021643557659790328,0.0
2476,5.615431204951206e-05,0.0
2477,0.0004920838682071031,0.0
2478,0.00028547586630945585,0.0
2479,0.00026770104895104896,0.0
2480,0.0006537443205962148,2.0
2481,0.00023977545733642382,0.0
2482,0.00023352506079266528,0.0
2483,0.000201969736429494,0.0
2484,4.325187563422223e-05,0.0
2485,0.0005929634998023455,0.0
2486,0.00022137303992620898,0.0
2487,0.00020177756425654567,0.0
2488,0.00011927602858535224,0.0
2489,0.00023073373327180433,0.0
2490,0.0007140379868208987,3.0
2491,0.0002486543654589248,0.0
2492,0.0009413018134353752,0.0
2493,0.00051687811459217,0.0
2494,0.0008383794218585005,0.0
2495,0.0007493844342147521,0.0
2496,0.0006720294391527269,0.0
2497,0.0011099011285955764,0.0
2498,0.00032741397528520565,0.0
2499,0.0005830700683630725,0.0
2500,0.0009507882078603419,0.0
2501,0.0017619951206288968,3.0
2502,0.001487645662494605,0.0
2503,0.0004207699769379509,0.0
2504,0.00045280724987826923,0.0
2505,0.00036282315999182,0.0
2506,0.0009586248526488752,0.0
2507,0.001281587004472621,0.0
2508,0.0007670840278338011,0.0
2509,0.00010438446887576322,0.0
2510,0.0011145535931406543,0.0
2511,0.0005990228439857482,0.0
2512,0.0013971279005934624,0.0
2513,0.0009996648720737788,0.0
2514,0.0008365738410169236,0.0
2515,0.0002967052602072347,0.0
2516,0.00019551191536506412,0.0
2517,0.00011257127474732644,0.0
2518,0.0007625963890867425,0.0
2519,0.0007979110842320409,0.0
2520,0.0001923025914431978,0.0
2521,0.0012196812821758574,0.0
2522,0.0003493587947780748,0.0
2523,0.0014614959445736985,0.0
2524,0.0008629422579071774,0.0
2525,0.000691231215226467,0.0
2526,0.0003092949509990705,0.0
2527,0.0010723541605968574,0.0
2528,0.0004157490751146045,0.0
2529,0.0006970343162581845,0.0
2530,0.0013285529692248894,0.0
2531,0.0005004726686314853,0.0
2532,0.0014874673531626707,0.0
2533,0.0002598591395812412,0.0
2534,0.0015322708047825345,2.0
2535,0.0014524194975519915,0.0
2536,0.0009681299575216404,0.0
2537,4.325187563422223e-05,0.0
2538,0.0003622702267543272,0.0
2539,0.001525921475260353,1.0
2540,0.0010852236465064842,0.0
2541,0.0007005531111191277,0.0
2542,0.0002628577096662203,0.0
2543,0.0003724176737393497,0.0
2544,0.006928833184491732,0.0
2545,0.005973291050998511,0.0
2546,0.002751803132147896,0.0
2547,0.0010778184953653806,0.0
2548,0.005213348829486967,0.0
2549,0.0011230487028787482,0.0
2550,0.005593353900669039,0.0
2551,0.009892536434564994,0.0
2552,0.005819668468790493,0.0
2553,0.011392609021202385,0.0
2554,0.017059498025226143,2.0
2555,0.007130887230028242,0.0
2556,0.007110648629899409,0.0
2557,0.0035361442530907525,0.0
2558,0.009302456298128273,0.0
2559,0.012090987000382036,0.0
2560,0.0045400273116603645,0.0
2561,0.0017811879153250669,0.0
2562,0.0010592404283183113,0.0
2563,0.003216011389909095,0.0
2564,0.009463497936530523,0.0
2565,0.006780220838857363,0.0
2566,0.0015880389695538007,0.0
2567,0.0039860428887087285,0.0
2568,0.003693420616928602,0.0
2569,0.0033267040318206475,0.0
2570,0.001304213796210666,0.0
2571,0.0020273248126928163,0.0
2572,0.0011033512056348442,0.0
2573,0.003698908821897541,0.0
2574,0.004479315173719665,0.0
2575,0.008820592477532453,0.0
2576,0.005550300198845538,0.0
2577,0.0018967205090553109,0.0
2578,0.013963768564995559,1.0
2579,0.0026922191324678085,0.0
2580,0.01276048730437654,0.0
2581,0.002853624972839864,0.0
2582,0.0006703987556102856,0.0
2583,0.0936223050005644,3.0
2584,0.012546742767171815,0.0
2585,0.007521751333146225,0.0
2586,0.004979963428393573,0.0
2587,0.006587780125018647,0.0
2588,0.007106007048742523,0.0
2589,0.003017620063626492,0.0
2590,0.0005929634998023455,0.0
2591,0.0003622702267543272,0.0
2592,0.00707117158546812,0.0
2593,0.006248155072321165,0.0
2594,0.0013723934055803733,0.0
2595,0.003751905264392074,0.0
2596,0.0040338114986289576,0.0
2597,0.004112759458304229,0.0
2598,0.022542666191234826,0.0
2599,0.006900057043396861,0.0
2600,0.005364278383659638,0.0
2601,0.013565427457482964,0.0
2602,0.004706985466479139,0.0
2603,0.027559344662940417,0.0
2604,0.005524118882348682,0.0
2605,0.010598932071211323,0.0
2606,0.02353554115888189,0.0
2607,0.0641598594125091,3.0
2608,0.057439362491856924,2.0
2609,0.007909572428678945,0.0
2610,0.004630323694321536,0.0
2611,0.0056116665213310005,0.0
2612,0.0350521821261582,0.0
2613,0.03363220018993266,0.0
2614,0.005616748349669934,0.0
2615,0.0005442679123302712,0.0
2616,0.02249167965137373,0.0
2617,0.013225105491663,0.0
2618,0.04980177869173937,0.0
2619,0.00982095020825772,0.0
2620,0.014866288561716998,0.0
2621,0.0015858791308375455,0.0
2622,0.0010159123962699974,0.0
2623,0.0006896893916840329,0.0
2624,0.007665459226192931,0.0
2625,0.004525874702604147,0.0
2626,0.0015431857401296068,0.0
2627,0.02517069151083008,0.0
2628,0.0046719646302086255,0.0
2629,0.05119146672486463,0.0
2630,0.00872006903924675,0.0
2631,0.02143132159014342,0.0
2632,0.001959893989658432,0.0
2633,0.040309302839917766,0.0
2634,0.0026619498782858445,0.0
2635,0.0032766553616952864,0.0
2636,0.048128924539944114,0.0
2637,0.011229045531129857,0.0
2638,0.051893374891487584,0.0
2639,0.0016426039595400714,0.0
2640,0.05318946124223129,1.0
2641,0.04894440334604224,0.0
2642,0.01413202734176624,0.0
2643,0.00022137303992620898,0.0
2644,0.001525921475260353,0.0
2645,0.00707117158546812,0.0
2646,0.029567409115101112,0.0
2647,0.005956473981728717,0.0
2648,0.0016590433366927668,0.0
2649,0.0025700750874710072,0.0
2650,0.003923582873204069,0.0
2651,0.03084736140593375,0.0
2652,0.005149005998609117,0.0
2653,0.00388211142474703,0.0
2654,0.013803670696788643,0.0
2655,0.0035316544597170665,0.0
2656,0.032369681115624827,0.0
2657,0.005680986404355895,0.0
2658,0.008517944919534039,0.0
2659,0.02382624840717117,0.0
2660,0.038843626601738686,0.0
2661,0.029228605865809564,0.0
2662,0.006639441329107311,0.0
2663,0.003577014998848685,0.0
2664,0.08075416166766647,2.0
2665,0.02131494339924921,0.0
2666,0.029821125701596406,0.0
2667,0.004229210813302953,0.0
2668,0.00043531634438746634,0.0
2669,0.01652034857895119,0.0
2670,0.057299729102167185,1.0
2671,0.031881267670757316,0.0
2672,0.0064677247446048615,0.0
2673,0.1898854739626754,3.0
2674,0.0013591150548483552,0.0
2675,0.000842058126347658,0.0
2676,0.0005591798695246972,0.0
2677,0.005764337546203704,0.0
2678,0.003338296280128465,0.0
2679,0.0012462185353602619,0.0
2680,0.018725576105412062,0.0
2681,0.004648204782881139,0.0
2682,0.0240188056832645,0.0
2683,0.006128722854824032,0.0
2684,0.012665502530890122,0.0
2685,0.0015410688443691222,0.0
2686,0.023127572956772417,0.0
2687,0.0022849827208310212,0.0
2688,0.002382618795884026,0.0
2689,0.03270091296774581,0.0
2690,0.009045879455416085,0.0
2691,0.031024543186568675,0.0
2692,0.0013218868091421493,0.0
2693,0.03238823349403402,0.0
2694,0.029922813847547206,0.0
2695,0.0096496062883083,0.0
2696,0.00020177756425654567,0.0
2697,0.0010852236465064842,0.0
2698,0.006248155072321165,0.0
2699,0.029567409115101112,0.0
2700,0.004355182152116157,0.0
2701,0.0013024397149733378,0.0
2702,0.0018835531563033687,0.0
2703,0.000717297008330119,0.0
2704,0.0037762671623526186,0.0
2705,0.0009093608492316828,0.0
2706,0.00206333502005181,0.0
2707,0.002745469193645529,0.0
2708,0.0033496848212159268,0.0
2709,0.0044243723208818135,0.0
2710,0.001114305528436673,0.0
2711,0.002067469264474412,0.0
2712,0.003993618891553714,0.0
2713,0.009137192560258335,3.0
2714,0.006545290226791194,0.0
2715,0.0015556790221446144,0.0
2716,0.002084983079902602,0.0
2717,0.0011116207899873774,0.0
2718,0.0040035562470480375,0.0
2719,0.005169348673120676,0.0
2720,0.0025209607976433264,0.0
2721,0.0003111061729178902,0.0
2722,0.003367467337289318,0.0
2723,0.002285878848421034,0.0
2724,0.006294328452526462,0.0
2725,0.004239322273208613,0.0
2726,0.003877919368031257,0.0
2727,0.0009558774889197592,0.0
2728,0.0005606460844202301,0.0
2729,0.00031777023573965115,0.0
2730,0.003785649627320021,0.0
2731,0.0023211006261457195,0.0
2732,0.0007512105656750912,0.0
2733,0.0039004252499033523,0.0
2734,0.0009226665062029264,0.0
2735,0.005407451353138682,0.0
2736,0.004580227161377281,0.0
2737,0.0024173975575616717,0.0
2738,0.001157914502096764,0.0
2739,0.0041624266257323074,0.0
2740,0.0014573221404569489,0.0
2741,0.0008231844686364075,0.0
2742,0.005940211163274765,0.0
2743,0.0018239944160748558,0.0
2744,0.0067470327334208146,1.0
2745,0.0008310709734611336,0.0
2746,0.0066215039605852745,0.0
2747,0.006749097044633678,2.0
2748,0.004944683177323016,0.0
2749,0.00011927602858535224,0.0
2750,0.0007005531111191277,0.0
2751,0.0013723934055803733,0.0
2752,0.005956473981728717,0.0
2753,0.004355182152116157,0.0
2754,0.0010027019115266976,0.0
2755,0.0012206713366839405,0.0
2756,0.002091287114266955,0.0
2757,0.0017358422383976044,0.0
2758,0.0005539398975211191,0.0
2759,0.0006108870374186711,0.0
2760,0.002052513360700179,0.0
2761,0.0008474936665795885,0.0
2762,0.0014792242947798176,0.0
2763,0.0030271031326997537,0.0
2764,0.0021085012325055517,0.0
2765,0.0022250059129094142,0.0
2766,0.004108331420702318,0.0
2767,0.0018347498271208368,0.0
2768,0.0024445031712473572,0.0
2769,0.0058857653912160685,2.0
2770,0.0025094953879544217,0.0
2771,0.0025023933876150485,0.0
2772,0.001185918774966711,0.0
2773,0.0012823770661340172,0.0
2774,0.0009740152540694027,0.0
2775,0.0009689565931976793,0.0
2776,0.002483527622909275,0.0
2777,0.0015399074290605682,0.0
2778,0.0033411389343592736,0.0
2779,0.001932549043714797,0.0
2780,0.002796969254211109,0.0
2781,0.007134003580773998,3.0
2782,0.0005903071564904273,0.0
2783,0.003288546462463591,0.0
2784,0.0008285076397125514,0.0
2785,0.004283072130828385,1.0
2786,0.0010277144430803128,0.0
2787,0.002617332557827389,0.0
2788,0.001528867803897223,0.0
2789,0.003638415604760261,0.0
2790,0.003522546047212632,0.0
2791,0.0026263650186610144,0.0
2792,0.002846655180163308,0.0
2793,0.0023685396151123124,0.0
2794,0.00035629973765192503,0.0
2795,0.003095433977786919,0.0
2796,0.003265852570083979,0.0
2797,0.0017719486081370448,0.0
2798,0.003434925625127354,0.0
2799,0.0016076947597466495,0.0
2800,0.0016737985762749015,0.0
2801,0.0015632572027075614,0.0
2802,0.00023073373327180433,0.0
2803,0.0002628577096662203,0.0
2804,0.003751905264392074,0.0
2805,0.0016590433366927668,0.0
2806,0.0013024397149733378,0.0
2807,0.0010027019115266976,0.0
2808,0.0028989900903802802,0.0
2809,0.0021512105448429613,0.0
2810,0.002351814473357215,0.0
2811,0.0010168112798264641,0.0
2812,0.0009195072016091377,0.0
2813,0.0023001559793273483,0.0
2814,0.0010877992553439244,0.0
2815,0.002086270087397801,0.0
2816,0.002774294075171968,0.0
2817,0.0024772380644266768,0.0
2818,0.0031247986598801625,0.0
2819,0.005383372276147441,2.0
2820,0.0025088867409297144,0.0
2821,0.002338601091347176,0.0
2822,0.002673767964378511,0.0
2823,0.002728462658776248,0.0
2824,0.003237814907800191,0.0
2825,0.0015549858409155649,0.0
2826,0.001947240386546745,0.0
2827,0.0010058794361408232,0.0
2828,0.0013655227810254814,0.0
2829,0.0028224128818972014,0.0
2830,0.002091714276055576,0.0
2831,0.001176361040412192,0.0
2832,0.0013319076987964734,0.0
2833,0.0034012430939226517,0.0
2834,0.002267035149840228,0.0
2835,0.05505326144134666,3.0
2836,0.0015345199689506485,0.0
2837,0.0011440581012025321,0.0
2838,0.00223078879909203,0.0
2839,0.00145669902448926,0.0
2840,0.0028329647432968398,0.0
2841,0.0021473764373032486,0.0
2842,0.001454680636988488,0.0
2843,0.0037869751908396953,0.0
2844,0.002476038338658147,0.0
2845,0.003528138109691264,0.0
2846,0.002417442072614486,0.0
2847,0.0004781448759457998,0.0
2848,0.004382243522204921,1.0
2849,0.003254143553254987,0.0
2850,0.002438888070280625,0.0
2851,0.003741772608421242,0.0
2852,0.0021989667505629886,0.0
2853,0.002343987245672639,0.0
2854,0.0019314771342822327,0.0
2855,0.0007140379868208987,0.0
2856,0.0003724176737393497,0.0
2857,0.0040338114986289576,0.0
2858,0.0025700750874710072,0.0
2859,0.0018835531563033687,0.0
2860,0.0012206713366839405,0.0
2861,0.0028989900903802802,0.0
