,Target lang,Transfer lang,Accuracy,Rank,Accuracy level,Entity overlap,Transfer lang dataset size,Target lang dataset size,Transfer over target size ratio,GENETIC,SYNTACTIC,FEATURAL,PHONOLOGICAL,INVENTORY,GEOGRAPHIC
0,ben,amh,0.28,12,42,0.0002,2028,10000,0.2028,1.0,0.4853,0.5162,0.5784,0.5194,0.2611528393104056
1,ben,ara,0.11,42,12,0.0,10000,10000,1.0,1.0,0.5159,0.741,1.1575,1.3375,0.20998225971874865
2,ben,aze,0.26,14,40,0.0001,10000,10000,1.0,1.0,0.5345,0.5933,0.6393,0.5685,0.20264734098523596
3,ben,cat,0.26,14,40,0.0,10000,10000,1.0,0.9237,0.5715,0.6004,0.2532,0.4718,0.4231273059412477
4,ben,ceb,0.16,39,15,0.0,10000,10000,1.0,1.0,0.4023,0.4394,0.6018,0.4882,0.20614982196699616
5,ben,ckb,0.25,18,36,0.0,6279,10000,0.6279,0.8155,0.3246,0.5514,1.1575,1.3375,0.1908682199921129
6,ben,deu,0.26,14,40,0.0,10000,10000,1.0,0.9014,0.3079,0.3012,0.3613,0.5152,0.3559620341007234
7,ben,fas,0.22,26,28,0.0,10000,10000,1.0,0.8155,0.5582,0.5965,0.3613,0.4923,0.16979518502795218
8,ben,fra,0.22,26,28,0.0,10000,10000,1.0,0.9304,0.5695,0.6037,0.4097,0.454,0.39864152121434326
9,ben,hau,0.21,32,22,0.0,1071,10000,0.1071,1.0,0.4838,0.4926,0.3951,0.5391,0.41354209137984616
10,ben,hin,0.45,2,52,0.0,10000,10000,1.0,0.718,0.5525,0.5701,0.4097,0.3351,0.03357462959499773
11,ben,hun,0.23,22,32,0.0,10000,10000,1.0,1.0,0.5639,0.6023,0.3668,0.5056,0.3177311281469364
12,ben,ilo,0.22,26,28,0.0002,3549,10000,0.3549,1.0,0.4038,0.4609,0.6018,0.4212,0.20965226615002602
13,ben,ind,0.35,6,48,0.0,10000,10000,1.0,1.0,0.4411,0.4591,0.3951,0.4882,0.22207657247148327
14,ben,ita,0.32,7,47,0.0,10000,10000,1.0,0.9196,0.5675,0.6159,0.6018,0.5331,0.36322243679735117
15,ben,jav,0.27,13,41,0.0,9243,10000,0.9243,1.0,0.3825,0.4081,0.4511,0.441,0.22274447535054256
16,ben,kaz,0.2,33,21,0.0,10000,10000,1.0,1.0,0.3006,0.5299,1.0795,1.3375,0.15392983122974588
17,ben,kin,0.07,48,6,0.0,864,10000,0.0864,1.0,0.2797,0.2915,0.622,0.4923,0.33477551562412833
18,ben,kir,0.22,26,28,0.0,10000,10000,1.0,1.0,0.3237,0.3097,0.3255,0.508,0.11861681637293031
19,ben,kur,0.25,18,36,0.0,4006,10000,0.4006,0.8003,0.2745,0.2788,0.2871,0.5391,0.24276833077658633
20,ben,lao,0.01,53,1,0.0,521,10000,0.0521,1.0,0.3747,0.408,0.6018,0.4955,0.11420101626529768
21,ben,mar,0.48,1,53,0.0002,10000,10000,1.0,0.6936,0.5202,0.5604,0.6293,0.3727,0.03351528756192482
22,ben,mlt,0.08,47,7,0.0,1390,10000,0.139,1.0,0.5225,0.5901,0.6393,0.5469,0.3473978356422251
23,ben,mya,0.02,51,3,0.0,3282,10000,0.3282,1.0,0.559,0.5834,0.4196,0.4375,0.057386535937805176
24,ben,msa,0.41,3,51,0.0,10000,10000,1.0,1.0,0.5097,0.5579,0.6018,0.556,0.18211539770822793
25,ben,nld,0.18,36,18,0.0,10000,10000,1.0,0.9196,0.5581,0.5947,0.5587,0.4956,0.3731484752391319
26,ben,nya,0.04,49,5,0.0,237,10000,0.0237,1.0,0.3223,0.5481,1.1575,1.3375,0.3557961465539599
27,ben,orm,0.1,44,10,0.0,265,10000,0.0265,1.0,0.3044,0.2947,0.3951,0.4909,0.260696383155053
28,ben,pan,0.4,4,50,0.0,7902,10000,0.7902,0.6936,0.5428,0.5858,0.5745,0.323,0.04664254741160819
29,ben,pol,0.26,14,40,0.0,10000,10000,1.0,0.8919,0.5851,0.6395,0.2048,0.5194,0.32419953260493883
30,ben,por,0.22,26,28,0.0,10000,10000,1.0,0.9273,0.5721,0.6127,0.5745,0.4753,0.7353308719001614
31,ben,ron,0.31,10,44,0.0001,10000,10000,1.0,0.9147,0.2628,0.2632,0.3613,0.4749,0.29640025883226595
32,ben,rus,0.11,42,12,0.0,10000,10000,1.0,0.879,0.5561,0.6255,0.369,0.5638,0.218964179477535
33,ben,sna,0.17,37,17,0.0,592,10000,0.0592,1.0,0.5178,0.5822,0.622,0.5398,0.38495638049611075
34,ben,som,0.09,46,8,0.0,1246,10000,0.1246,1.0,0.4646,0.4894,0.3255,0.427,0.2529982170632206
35,ben,spa,0.32,7,47,0.0,10000,10000,1.0,0.9304,0.3482,0.3394,0.5741,0.5536,0.7011840422442039
36,ben,swa,0.2,33,21,0.0002,10000,10000,1.0,1.0,0.5467,0.592,0.5319,0.5249,0.31347211727288077
37,ben,swe,0.19,35,19,0.0,10000,10000,1.0,0.9014,0.5666,0.5902,0.6123,0.4679,0.3292704240449085
38,ben,tam,0.25,18,36,0.0,10000,10000,1.0,1.0,0.5066,0.5548,0.5854,0.4445,0.04079419830848763
39,ben,tel,0.38,5,49,0.0,5991,10000,0.5991,1.0,0.4813,0.4864,0.2532,0.3071,0.03343501807527083
40,ben,tgk,0.24,21,33,0.0,10000,10000,1.0,0.8378,0.2899,0.5367,1.1575,1.3375,0.11916804811674923
41,ben,tgl,0.3,11,43,0.0,10000,10000,1.0,1.0,0.4237,0.4664,0.4596,0.4384,0.2322734528760991
42,ben,tha,0.1,44,10,0.0001,10000,10000,1.0,1.0,0.4479,0.4468,0.4278,0.3951,0.0933562963456429
43,ben,tir,0.02,51,3,0.0,81,10000,0.0081,1.0,0.2845,0.3034,0.5956,0.5592,0.25594572745570243
44,ben,tuk,0.23,22,32,0.0001,1152,10000,0.1152,1.0,0.5197,0.7411,1.0795,1.3375,0.14996478877581337
45,ben,tur,0.32,7,47,0.0,10000,10000,1.0,1.0,0.5471,0.5979,0.4336,0.5398,0.2577511597338122
46,ben,ukr,0.22,26,28,0.0,10000,10000,1.0,0.8919,0.5031,0.5582,0.6018,0.4985,0.27496054724170343
47,ben,uig,0.14,40,14,0.0,1167,10000,0.1167,1.0,0.2642,0.5239,1.1695,1.3375,0.11333112650892047
48,ben,uzb,0.23,22,32,0.0,10000,10000,1.0,1.0,0.2795,0.2957,0.622,0.5219,0.14621868947552713
49,ben,vie,0.14,40,14,0.0,10000,10000,1.0,1.0,0.4728,0.4818,0.4196,0.4772,0.1242826551211986
50,ben,xho,0.04,49,5,0.0,218,10000,0.0218,1.0,0.4488,0.5216,0.5956,0.5278,0.43731779934804677
51,ben,yor,0.23,22,32,0.0002,7227,10000,0.7227,1.0,0.297,0.2861,0.5221,0.424,0.41823646365401
52,ben,zul,0.17,37,17,0.0,462,10000,0.0462,1.0,0.3742,0.3953,0.4097,0.5459,0.43701342637626933
53,jav,amh,0.66,23,31,0.0001081899816077,2028,9243,0.2194092827004219,1.0,0.4575,0.4681,0.7209,0.4089,0.436229386370598
54,jav,ara,0.64,45,9,0.0,10000,9243,1.0818998160770312,1.0,0.4932,0.6895,1.0282,1.3243,0.4279730806442745
55,jav,aze,0.66,23,31,0.0114681380504165,10000,9243,1.0818998160770312,1.0,0.4096,0.4536,0.4161,0.5229,0.4205313450935472
56,jav,ben,0.67,9,45,0.0,10000,9243,1.0818998160770312,1.0,0.3825,0.4081,0.4511,0.441,0.22274447535054265
57,jav,cat,0.66,23,31,0.0159039272963323,10000,9243,1.0818998160770312,1.0,0.5015,0.5143,0.4458,0.3277,0.6398801315727175
58,jav,ceb,0.67,9,45,0.0037866493562696,10000,9243,1.0818998160770312,0.631,0.2098,0.2588,0.357,0.4492,0.08374295259689674
59,jav,ckb,0.66,23,31,0.0001081899816077,6279,9243,0.679324894514768,1.0,0.3302,0.5803,1.0282,1.3243,0.4089887816210879
60,jav,deu,0.67,9,45,0.0068159688412852,10000,9243,1.0818998160770312,1.0,0.4524,0.4571,0.5187,0.4317,0.5699059188898427
61,jav,fas,0.65,38,16,0.0,10000,9243,1.0818998160770312,1.0,0.5109,0.5207,0.5671,0.4567,0.3880286868685994
62,jav,fra,0.67,9,45,0.0071405387861084,10000,9243,1.0818998160770312,1.0,0.5399,0.547,0.5489,0.4345,0.6022306776795723
63,jav,hau,0.65,38,16,0.0164448772043708,1071,9243,0.11587147030185,1.0,0.4534,0.4816,0.5996,0.5082,0.6060055732319382
64,jav,hin,0.68,4,50,0.0,10000,9243,1.0818998160770312,1.0,0.5667,0.5536,0.5931,0.4146,0.24790727925545636
65,jav,hun,0.66,23,31,0.014930217461863,10000,9243,1.0818998160770312,1.0,0.5598,0.556,0.4813,0.4152,0.5365897073627764
66,jav,ilo,0.67,9,45,0.0507411013740127,3549,9243,0.3839662447257383,0.5319,0.2542,0.2845,0.357,0.3994,0.0912352820759602
67,jav,ind,0.82,1,53,0.0585307800497673,10000,9243,1.0818998160770312,0.6854,0.3859,0.375,0.552,0.3426,0.0007093095486121737
68,jav,ita,0.68,4,50,0.0095207183814778,10000,9243,1.0818998160770312,1.0,0.5408,0.5434,0.4161,0.4225,0.5747446741095183
69,jav,kaz,0.65,38,16,0.0009737098344693,10000,9243,1.0818998160770312,1.0,0.3297,0.5724,0.9426,1.3243,0.35435384596900077
70,jav,kin,0.64,45,9,0.0121172779400627,864,9243,0.0934761441090555,1.0,0.374,0.4081,0.4992,0.4751,0.48575591799850076
71,jav,kir,0.66,23,31,0.0009737098344693,10000,9243,1.0818998160770312,1.0,0.3784,0.4113,0.4852,0.4916,0.3251093348839946
72,jav,kur,0.66,23,31,0.0542031807854592,4006,9243,0.4334090663204587,1.0,0.4288,0.4461,0.5019,0.4916,0.46416035289830404
73,jav,lao,0.63,51,3,0.0004327599264308,521,9243,0.0563669804176133,1.0,0.338,0.3331,0.357,0.3994,0.15611271274352545
74,jav,mar,0.67,9,45,0.0,10000,9243,1.0818998160770312,1.0,0.511,0.5066,0.3951,0.3894,0.2471348544012544
75,jav,mlt,0.65,38,16,0.0202315265606404,1390,9243,0.1503840744347073,1.0,0.4209,0.4579,0.4687,0.4356,0.5376699966250408
76,jav,mya,0.63,51,3,0.001081899816077,3282,9243,0.3550795196364816,1.0,0.5317,0.5305,0.6126,0.3977,0.17140104538687323
77,jav,msa,0.72,2,52,0.0336470842799956,10000,9243,1.0818998160770312,0.6854,0.3638,0.3977,0.4161,0.411,0.04128491774119139
78,jav,nld,0.69,3,51,0.0106026181975549,10000,9243,1.0818998160770312,1.0,0.5183,0.5229,0.3632,0.4277,0.5889352402588949
79,jav,nya,0.64,45,9,0.0087633885102239,237,9243,0.0256410256410256,1.0,0.4231,0.6238,1.0282,1.3243,0.46806500638957627
80,jav,orm,0.65,38,16,0.0014064697609001,265,9243,0.0286703451260413,1.0,0.3971,0.4182,0.5996,0.3675,0.4347243358503966
81,jav,pan,0.67,9,45,0.0001081899816077,7902,9243,0.8549172346640701,1.0,0.5592,0.5473,0.3797,0.375,0.25802389349468724
82,jav,pol,0.67,9,45,0.0129827977929243,10000,9243,1.0818998160770312,1.0,0.5694,0.5808,0.4093,0.4677,0.5390776854274956
83,jav,por,0.67,9,45,0.0131991777561397,10000,9243,1.0818998160770312,1.0,0.5351,0.5372,0.3797,0.4009,0.8770287716717423
84,jav,ron,0.68,4,50,0.0312669046846262,10000,9243,1.0818998160770312,1.0,0.4221,0.4322,0.344,0.4377,0.5161024324344764
85,jav,rus,0.64,45,9,0.0007573298712539,10000,9243,1.0818998160770312,1.0,0.5561,0.5782,0.551,0.4955,0.396206274842586
86,jav,sna,0.66,23,31,0.0182841068917018,592,9243,0.0640484691117602,1.0,0.4585,0.4884,0.4518,0.4769,0.48326446176792576
87,jav,som,0.65,38,16,0.0256410256410256,1246,9243,0.1348047170831981,1.0,0.4634,0.4593,0.5807,0.4237,0.42049753281026253
88,jav,spa,0.68,4,50,0.0110353781239857,10000,9243,1.0818998160770312,1.0,0.4817,0.4908,0.7355,0.5034,0.789919760935095
89,jav,swa,0.67,9,45,0.1000757329871254,10000,9243,1.0818998160770312,1.0,0.4942,0.5113,0.5853,0.4245,0.46025122559810405
90,jav,swe,0.67,9,45,0.0129827977929243,10000,9243,1.0818998160770312,1.0,0.5225,0.5294,0.3797,0.483,0.5347736635199934
91,jav,tam,0.66,23,31,0.0001081899816077,10000,9243,1.0818998160770312,1.0,0.4902,0.4919,0.3999,0.4245,0.24381909882709574
92,jav,tel,0.68,4,50,0.0001081899816077,5991,9243,0.6481661798117494,1.0,0.4871,0.4949,0.4458,0.4125,0.2475665879299704
93,jav,tgk,0.66,23,31,0.0006491398896462,10000,9243,1.0818998160770312,1.0,0.411,0.6189,1.0282,1.3243,0.3339148747140007
94,jav,tgl,0.67,9,45,0.0439251325327274,10000,9243,1.0818998160770312,0.6614,0.3654,0.3724,0.5692,0.4377,0.14357982905325867
95,jav,tha,0.64,45,9,0.0002163799632154,10000,9243,1.0818998160770312,1.0,0.412,0.3991,0.5853,0.4123,0.13304680855756348
96,jav,tir,0.64,45,9,0.0,81,9243,0.0087633885102239,1.0,0.3687,0.4054,0.4672,0.4978,0.43888178465395666
97,jav,tuk,0.66,23,31,0.0114681380504165,1152,9243,0.124634858812074,1.0,0.4057,0.6475,0.9426,1.3243,0.370687557030001
98,jav,tur,0.67,9,45,0.027696635291572,10000,9243,1.0818998160770312,1.0,0.5277,0.5343,0.551,0.46,0.4788023124443869
99,jav,ukr,0.66,23,31,0.0014064697609001,10000,9243,1.0818998160770312,1.0,0.5286,0.5229,0.4161,0.4225,0.4917606187556124
100,jav,uig,0.66,23,31,0.0015146597425078,1167,9243,0.1262577085361895,1.0,0.3807,0.6053,1.1219,1.3243,0.2294618623039764
101,jav,uzb,0.67,9,45,0.0128746078113166,10000,9243,1.0818998160770312,1.0,0.4226,0.4451,0.4992,0.5229,0.36231135991385194
102,jav,vie,0.66,23,31,0.0216379963215406,10000,9243,1.0818998160770312,1.0,0.4696,0.4892,0.656,0.4751,0.13456224722159174
103,jav,xho,0.63,51,3,0.0036784593746619,218,9243,0.0235854159904792,1.0,0.3974,0.4388,0.418,0.4235,0.5051966922058836
104,jav,yor,0.66,23,31,0.0795196364816618,7227,9243,0.7818889970788705,1.0,0.4259,0.4416,0.586,0.4242,0.6080733797945441
105,jav,zul,0.65,38,16,0.0089797684734393,462,9243,0.0499837715027588,1.0,0.4061,0.4326,0.5931,0.4785,0.504917754516477
106,lao,amh,0.05,12,42,0.0,2028,521,3.892514395393474,1.0,0.4027,0.4412,0.8241,0.4189,0.3570874438467345
107,lao,ara,0.05,12,42,0.0,10000,521,19.19385796545105,1.0,0.4223,0.6317,0.8723,1.268,0.3118902266226785
108,lao,aze,0.04,32,22,0.0057581573896353,10000,521,19.19385796545105,1.0,0.4667,0.4839,0.2801,0.541,0.29533154801926065
109,lao,ben,0.07,2,52,0.0,10000,521,19.19385796545105,1.0,0.3747,0.408,0.6018,0.4955,0.11420101626529774
110,lao,cat,0.04,32,22,0.0019193857965451,10000,521,19.19385796545105,1.0,0.4484,0.4806,0.5619,0.3998,0.5019154865324179
111,lao,ceb,0.06,5,49,0.0057581573896353,10000,521,19.19385796545105,1.0,0.3409,0.3287,0.0,0.3749,0.126747745947872
112,lao,ckb,0.05,12,42,0.0,6279,521,12.051823416506718,1.0,0.4416,0.6076,0.8723,1.268,0.29420743299087176
113,lao,deu,0.05,12,42,0.0,10000,521,19.19385796545105,1.0,0.3891,0.4181,0.6561,0.4724,0.4227962874072218
114,lao,fas,0.04,32,22,0.0,10000,521,19.19385796545105,1.0,0.4584,0.4894,0.6561,0.4703,0.2613215110948242
115,lao,fra,0.03,47,7,0.0,10000,521,19.19385796545105,1.0,0.4687,0.5034,0.6755,0.472,0.46460471533848663
116,lao,hau,0.05,12,42,0.0095969289827255,1071,521,2.055662188099808,1.0,0.381,0.4281,0.7584,0.5038,0.510662621261492
117,lao,hin,0.07,2,52,0.0,10000,521,19.19385796545105,1.0,0.4526,0.4917,0.6755,0.5165,0.14515455260720303
118,lao,hun,0.05,12,42,0.0,10000,521,19.19385796545105,1.0,0.4612,0.4919,0.6326,0.4646,0.3965884653219379
119,lao,ilo,0.05,12,42,0.0019193857965451,3549,521,6.811900191938579,1.0,0.3307,0.3224,0.0,0.3325,0.11921991299593492
120,lao,ind,0.06,5,49,0.0,10000,521,19.19385796545105,1.0,0.2635,0.2949,0.6449,0.375,0.15563182084366187
121,lao,ita,0.06,5,49,0.0,10000,521,19.19385796545105,1.0,0.4387,0.4617,0.1973,0.4142,0.43226560529907054
122,lao,jav,0.04,32,22,0.0076775431861804,9243,521,17.74088291746641,1.0,0.338,0.3331,0.357,0.3994,0.15611271274352542
123,lao,kaz,0.03,47,7,0.0,10000,521,19.19385796545105,1.0,0.441,0.6001,0.7898,1.268,0.22571132823354215
124,lao,kin,0.03,47,7,0.0038387715930902,864,521,1.6583493282149713,1.0,0.4187,0.4228,0.3352,0.4494,0.42837378268436616
125,lao,kir,0.04,32,22,0.0019193857965451,10000,521,19.19385796545105,1.0,0.4246,0.449,0.6287,0.5741,0.1982995989188729
126,lao,kur,0.05,12,42,0.0115163147792706,4006,521,7.689059500959693,1.0,0.3776,0.4145,0.6018,0.5398,0.33415187411813446
127,lao,mar,0.06,5,49,0.0,10000,521,19.19385796545105,1.0,0.4382,0.4543,0.14,0.4723,0.1457889802510804
128,lao,mlt,0.04,32,22,0.0038387715930902,1390,521,2.6679462571976966,1.0,0.4813,0.4873,0.2801,0.4327,0.4220858839725208
129,lao,mya,0.03,47,7,0.0057581573896353,3282,521,6.299424184261037,1.0,0.4649,0.4935,0.73,0.419,0.06124311574380049
130,lao,msa,0.06,5,49,0.0,10000,521,19.19385796545105,1.0,0.4366,0.4416,0.1973,0.4237,0.11928731090471498
131,lao,nld,0.04,32,22,0.0038387715930902,10000,521,19.19385796545105,1.0,0.4524,0.4697,0.2301,0.4471,0.44208250121658016
132,lao,nya,0.05,12,42,0.0115163147792706,237,521,0.45489443378119,1.0,0.3928,0.5857,0.8723,1.268,0.4388255700837475
133,lao,orm,0.04,32,22,0.0019193857965451,265,521,0.508637236084453,1.0,0.3885,0.4166,0.7584,0.4042,0.3616181729040007
134,lao,pan,0.05,12,42,0.0019193857965451,7902,521,15.166986564299425,1.0,0.4454,0.4724,0.1368,0.4923,0.1317389320123685
135,lao,pol,0.04,32,22,0.0,10000,521,19.19385796545105,1.0,0.4649,0.5134,0.5337,0.4627,0.39172238799477566
136,lao,por,0.05,12,42,0.0019193857965451,10000,521,19.19385796545105,1.0,0.4392,0.4636,0.1368,0.4248,0.8135993586271221
137,lao,ron,0.04,32,22,0.0019193857965451,10000,521,19.19385796545105,1.0,0.3438,0.3782,0.4882,0.4494,0.37916241757306696
138,lao,rus,0.03,47,7,0.0,10000,521,19.19385796545105,1.0,0.4481,0.5072,0.6482,0.5209,0.2662402767124249
139,lao,sna,0.05,12,42,0.0134357005758157,592,521,1.1362763915547025,1.0,0.4142,0.4517,0.2721,0.4849,0.4649062109178926
140,lao,som,0.05,12,42,0.0115163147792706,1246,521,2.3915547024952017,1.0,0.3879,0.4277,0.7024,0.5295,0.34494078130456113
141,lao,spa,0.04,32,22,0.0,10000,521,19.19385796545105,1.0,0.4105,0.4407,0.8043,0.5078,0.7291395215859746
142,lao,swa,0.04,32,22,0.0057581573896353,10000,521,19.19385796545105,1.0,0.4232,0.4703,0.6733,0.4466,0.4063952206448925
143,lao,swe,0.06,5,49,0.0,10000,521,19.19385796545105,1.0,0.4593,0.4786,0.2388,0.4909,0.39444788419897214
144,lao,tam,0.05,12,42,0.0,10000,521,19.19385796545105,1.0,0.4344,0.4501,0.1906,0.4849,0.14398040993027061
145,lao,tel,0.05,12,42,0.0,5991,521,11.499040307101728,1.0,0.4343,0.4707,0.5619,0.5065,0.14481480552523804
146,lao,tgk,0.05,12,42,0.0,10000,521,19.19385796545105,1.0,0.3624,0.5728,0.8723,1.268,0.20830365984698218
147,lao,tgl,0.06,5,49,0.0076775431861804,10000,521,19.19385796545105,1.0,0.2973,0.3262,0.6614,0.4048,0.13367512222351408
148,lao,tha,0.28,1,53,0.0,10000,521,19.19385796545105,0.0,0.255,0.2828,0.7125,0.371,0.04444771901310143
149,lao,tir,0.02,53,1,0.0019193857965451,81,521,0.1554702495201535,1.0,0.415,0.4209,0.3002,0.4723,0.35552882003632924
150,lao,tuk,0.05,12,42,0.0019193857965451,1152,521,2.2111324376199617,1.0,0.449,0.6435,0.7898,1.268,0.2491234383181397
151,lao,tur,0.05,12,42,0.0019193857965451,10000,521,19.19385796545105,1.0,0.4497,0.484,0.691,0.5032,0.3469632811630248
152,lao,ukr,0.05,12,42,0.0,10000,521,19.19385796545105,1.0,0.4093,0.4295,0.1973,0.4376,0.3557946172993577
153,lao,uig,0.04,32,22,0.0,1167,521,2.2399232245681384,1.0,0.3999,0.5916,0.9727,1.268,0.1149823129371087
154,lao,uzb,0.03,47,7,0.0,10000,521,19.19385796545105,1.0,0.3896,0.4116,0.3352,0.541,0.2368929393038619
155,lao,vie,0.07,2,52,0.0,10000,521,19.19385796545105,1.0,0.4242,0.4598,0.7655,0.4405,0.024781380061327414
156,lao,xho,0.04,32,22,0.0076775431861804,218,521,0.418426103646833,1.0,0.3764,0.4108,0.2301,0.3613,0.5081709869734621
157,lao,yor,0.05,12,42,0.0115163147792706,7227,521,13.871401151631478,1.0,0.3505,0.387,0.7215,0.3673,0.5152686596126277
158,lao,zul,0.04,32,22,0.0,462,521,0.8867562380038387,1.0,0.3319,0.3862,0.7781,0.4547,0.5078671297586105
159,mar,amh,0.24,6,48,0.0005,2028,10000,0.2028,1.0,0.4474,0.4811,0.8197,0.4409,0.2293610602398823
160,mar,ara,0.11,39,15,0.0,10000,10000,1.0,1.0,0.3861,0.614,0.8425,1.3062,0.18162759496402947
161,mar,aze,0.14,31,23,0.0001,10000,10000,1.0,1.0,0.3829,0.3881,0.2446,0.5678,0.18167437542328846
162,mar,ben,0.37,3,51,0.0002,10000,10000,1.0,0.6936,0.5202,0.5604,0.6293,0.3727,0.033515287561924824
163,mar,cat,0.16,24,30,0.0,10000,10000,1.0,0.9176,0.3504,0.377,0.5931,0.4254,0.3997617929131536
164,mar,ceb,0.09,44,10,0.0,10000,10000,1.0,1.0,0.5119,0.5084,0.14,0.4885,0.23702663296070245
165,mar,ckb,0.21,14,40,0.0,6279,10000,0.6279,0.8003,0.5438,0.7181,0.8425,1.3062,0.16260995684620666
166,mar,deu,0.22,10,44,0.0,10000,10000,1.0,0.8934,0.5247,0.5787,0.6854,0.5247,0.3387493505118522
167,mar,fas,0.15,27,27,0.0,10000,10000,1.0,0.8003,0.3366,0.3772,0.6466,0.5052,0.14336607316136343
168,mar,fra,0.11,39,15,0.0,10000,10000,1.0,0.9248,0.3815,0.4092,0.7028,0.4926,0.38118780187926016
169,mar,hau,0.17,22,32,0.0,1071,10000,0.1071,1.0,0.4834,0.5337,0.7521,0.5354,0.38167829695559274
170,mar,hin,0.56,1,53,0.054,10000,10000,1.0,0.6936,0.3091,0.3465,0.7028,0.3826,0.0015796588506502807
171,mar,hun,0.21,14,40,0.0,10000,10000,1.0,1.0,0.3314,0.3632,0.6224,0.4643,0.2972925221335251
172,mar,ilo,0.15,27,27,0.0004,3549,10000,0.3549,1.0,0.5015,0.4913,0.14,0.4324,0.24151077211255426
173,mar,ind,0.27,5,49,0.0,10000,10000,1.0,1.0,0.4786,0.4947,0.6754,0.4443,0.24673639376725431
174,mar,ita,0.23,8,46,0.0,10000,10000,1.0,0.9131,0.3154,0.3495,0.14,0.4954,0.3414973370200617
175,mar,jav,0.21,14,40,0.0,9243,10000,0.9243,1.0,0.511,0.5066,0.3951,0.3894,0.24713485440125432
176,mar,kaz,0.11,39,15,0.0,10000,10000,1.0,1.0,0.5771,0.737,0.8123,1.3062,0.15005131064386243
177,mar,kin,0.07,46,8,0.0,864,10000,0.0864,1.0,0.5694,0.5977,0.366,0.5229,0.30254227220299074
178,mar,kir,0.22,10,44,0.0,10000,10000,1.0,1.0,0.5357,0.5878,0.6571,0.5673,0.11132148556761796
179,mar,kur,0.24,6,48,0.0,4006,10000,0.4006,0.7837,0.5283,0.5815,0.6293,0.5515,0.2184752816171288
180,mar,lao,0.01,53,1,0.0,521,10000,0.0521,1.0,0.4382,0.4543,0.14,0.4723,0.14578898025108042
181,mar,mlt,0.06,47,7,0.0,1390,10000,0.139,1.0,0.423,0.4283,0.2446,0.5108,0.3281833154630128
182,mar,mya,0.03,49,5,0.0,3282,10000,0.3282,1.0,0.3425,0.3759,0.7594,0.4252,0.08826615052473391
183,mar,msa,0.2,17,37,0.0,10000,10000,1.0,1.0,0.3816,0.3969,0.2446,0.5027,0.20715283144338484
184,mar,nld,0.14,31,23,0.0,10000,10000,1.0,0.9131,0.324,0.3473,0.2677,0.5349,0.35518110161269606
185,mar,nya,0.04,48,6,0.0,237,10000,0.0237,1.0,0.5564,0.7317,0.8425,1.3062,0.3261343150212957
186,mar,orm,0.11,39,15,0.0,265,10000,0.0265,1.0,0.5129,0.5693,0.7521,0.4474,0.2277882408847439
187,mar,pan,0.36,4,50,0.0,7902,10000,0.7902,0.6667,0.2747,0.2849,0.195,0.338,0.016592494138414193
188,mar,pol,0.15,27,27,0.0,10000,10000,1.0,0.8831,0.2854,0.3514,0.5641,0.5165,0.306685299104146
189,mar,por,0.13,34,20,0.0,10000,10000,1.0,0.9214,0.3195,0.3504,0.195,0.4485,0.7057039825978862
190,mar,ron,0.17,22,32,0.0002,10000,10000,1.0,0.9078,0.5075,0.555,0.4717,0.4491,0.2755065779407257
191,mar,rus,0.03,49,5,0.0,10000,10000,1.0,0.8691,0.3331,0.3844,0.6385,0.5662,0.22774363748489226
192,mar,sna,0.13,34,20,0.0,592,10000,0.0592,1.0,0.3616,0.3987,0.3071,0.5353,0.35610620633059625
193,mar,som,0.09,44,10,0.0,1246,10000,0.1246,1.0,0.4491,0.4725,0.6945,0.4302,0.2221684965458147
194,mar,spa,0.2,17,37,0.0,10000,10000,1.0,0.9248,0.5568,0.6049,0.7993,0.5183,0.7012106604727497
195,mar,swa,0.18,20,34,0.0005,10000,10000,1.0,1.0,0.3811,0.4251,0.7048,0.5193,0.2821921424069193
196,mar,swe,0.16,24,30,0.0,10000,10000,1.0,0.8934,0.3744,0.3966,0.2786,0.5086,0.3173374119454079
197,mar,tam,0.22,10,44,0.0,10000,10000,1.0,1.0,0.2832,0.2883,0.2352,0.3508,0.013078725928624505
198,mar,tel,0.38,2,52,0.0,5991,10000,0.5991,1.0,0.3421,0.3851,0.5931,0.3411,0.0013257548299149054
199,mar,tgk,0.15,27,27,0.0,10000,10000,1.0,0.8245,0.5232,0.7151,0.8425,1.3062,0.1040808833126847
200,mar,tgl,0.16,24,30,0.0001,10000,10000,1.0,1.0,0.4736,0.4888,0.6943,0.429,0.2643588478644899
201,mar,tha,0.11,39,15,0.0003,10000,10000,1.0,1.0,0.4852,0.497,0.744,0.3576,0.12162198480050457
202,mar,tir,0.02,52,2,0.0,81,10000,0.0081,1.0,0.5521,0.5815,0.2677,0.508,0.22400717030911188
203,mar,tuk,0.19,19,35,0.0001,1152,10000,0.1152,1.0,0.3758,0.5936,0.8123,1.3062,0.12806764917236385
204,mar,tur,0.22,10,44,0.0,10000,10000,1.0,1.0,0.3316,0.37,0.6827,0.5353,0.23345526526395965
205,mar,ukr,0.23,8,46,0.0,10000,10000,1.0,0.8831,0.3492,0.3729,0.14,0.4954,0.25695915603570696
206,mar,uig,0.12,37,17,0.0,1167,10000,0.1167,1.0,0.5292,0.7223,1.0,1.3062,0.13897322815361374
207,mar,uzb,0.13,34,20,0.0,10000,10000,1.0,1.0,0.5069,0.5564,0.366,0.518,0.12928084814480192
208,mar,vie,0.14,31,23,0.0001,10000,10000,1.0,1.0,0.4534,0.4829,0.7952,0.5133,0.15554172081628695
209,mar,xho,0.03,49,5,0.0,218,10000,0.0218,1.0,0.4189,0.4353,0.2677,0.507,0.4097743275327415
210,mar,yor,0.18,20,34,0.0005,7227,10000,0.7227,1.0,0.5333,0.5798,0.7141,0.4163,0.38603562534262537
211,mar,zul,0.12,37,17,0.0,462,10000,0.0462,1.0,0.4971,0.5478,0.7724,0.5451,0.4094827949167912
212,pan,amh,0.26,5,49,0.0,2028,7902,0.2566438876233864,1.0,0.457,0.5027,0.7928,0.4994,0.23321677563254165
213,pan,ara,0.05,44,10,0.0,10000,7902,1.2655024044545684,1.0,0.4232,0.648,0.9005,1.3631,0.18830695126002334
214,pan,aze,0.16,14,40,0.0,10000,7902,1.2655024044545684,1.0,0.4377,0.4253,0.2388,0.5341,0.18431036926699323
215,pan,ben,0.29,4,50,0.0,10000,7902,1.2655024044545684,0.6936,0.5428,0.5858,0.5745,0.323,0.046642547411608164
216,pan,cat,0.12,26,28,0.0001265502404454,10000,7902,1.2655024044545684,0.9176,0.3304,0.3537,0.5307,0.4368,0.3924171602538874
217,pan,ceb,0.05,44,10,0.0,10000,7902,1.2655024044545684,1.0,0.5541,0.551,0.1368,0.5182,0.24626245326044247
218,pan,ckb,0.16,14,40,0.0,6279,7902,0.7946089597570235,0.8003,0.599,0.7803,0.9005,1.3631,0.17074434614920656
219,pan,deu,0.14,19,35,0.0,10000,7902,1.2655024044545684,0.8934,0.5241,0.5914,0.6271,0.4998,0.3255838696085463
220,pan,fas,0.13,21,33,0.0,10000,7902,1.2655024044545684,0.8003,0.2999,0.3506,0.6271,0.522,0.13786840812026724
221,pan,fra,0.09,36,18,0.0,10000,7902,1.2655024044545684,0.9248,0.345,0.3731,0.6486,0.4413,0.3650206218845591
222,pan,hau,0.18,8,46,0.0001265502404454,1071,7902,0.1355353075170842,1.0,0.4852,0.5407,0.7285,0.5362,0.3840639816990323
223,pan,hin,0.49,1,53,0.0,10000,7902,1.2655024044545684,0.6936,0.2571,0.2976,0.6486,0.3134,0.015587401587533373
224,pan,hun,0.1,32,22,0.0,10000,7902,1.2655024044545684,1.0,0.2907,0.3385,0.6012,0.4542,0.28807105874184835
225,pan,ilo,0.07,41,13,0.0001265502404454,3549,7902,0.4491268033409263,1.0,0.5293,0.5197,0.1368,0.4753,0.2392012039380396
226,pan,ind,0.2,7,47,0.0,10000,7902,1.2655024044545684,1.0,0.4679,0.4911,0.6148,0.4496,0.25733950551011026
227,pan,ita,0.15,16,38,0.0,10000,7902,1.2655024044545684,0.9131,0.2649,0.3096,0.1368,0.4944,0.3268175608936468
228,pan,jav,0.12,26,28,0.0001265502404454,9243,7902,1.1697038724373576,1.0,0.5592,0.5473,0.3797,0.375,0.258023893494687
229,pan,kaz,0.11,31,23,0.0,10000,7902,1.2655024044545684,1.0,0.6274,0.7944,0.8212,1.3631,0.1533011976750199
230,pan,kin,0.03,49,5,0.0001265502404454,864,7902,0.1093394077448747,1.0,0.6179,0.6433,0.3027,0.5062,0.3101162630369619
231,pan,kir,0.17,10,44,0.0,10000,7902,1.2655024044545684,1.0,0.5719,0.6209,0.6007,0.5065,0.11617510504448832
232,pan,kur,0.15,16,38,0.0001265502404454,4006,7902,0.5069602632245002,0.7837,0.5406,0.6022,0.5745,0.5215,0.21627743267607044
233,pan,lao,0.01,53,1,0.0001265502404454,521,7902,0.065932675272083,1.0,0.4454,0.4724,0.1368,0.4923,0.13173893201236844
234,pan,mar,0.35,3,51,0.0,10000,7902,1.2655024044545684,0.6667,0.2747,0.2849,0.195,0.338,0.016592494138414182
235,pan,mlt,0.08,37,17,0.0001265502404454,1390,7902,0.175904834219185,1.0,0.4636,0.4513,0.2388,0.5397,0.3173809446612966
236,pan,mya,0.03,49,5,0.0,3282,7902,0.4153378891419894,1.0,0.342,0.3738,0.7012,0.423,0.10128700425165194
237,pan,msa,0.18,8,46,0.0,10000,7902,1.2655024044545684,1.0,0.4375,0.4319,0.1368,0.4849,0.21692926629433507
238,pan,nld,0.13,21,33,0.0,10000,7902,1.2655024044545684,0.9131,0.313,0.3275,0.1864,0.4663,0.34261607194679256
239,pan,nya,0.04,47,7,0.0001265502404454,237,7902,0.0299924069855732,1.0,0.564,0.7684,0.9005,1.3631,0.3345054252393387
240,pan,orm,0.08,37,17,0.0,265,7902,0.033535813718046,1.0,0.5427,0.6055,0.7285,0.4507,0.23774810865831714
241,pan,pol,0.12,26,28,0.0,10000,7902,1.2655024044545684,0.8831,0.2651,0.3226,0.5032,0.5155,0.29304344845717323
242,pan,por,0.07,41,13,0.0,10000,7902,1.2655024044545684,0.9214,0.2388,0.285,0.0,0.4424,0.6953242543936554
243,pan,ron,0.13,21,33,0.0,10000,7902,1.2655024044545684,0.9078,0.5158,0.5823,0.4565,0.5062,0.2696367322060878
244,pan,rus,0.05,44,10,0.0,10000,7902,1.2655024044545684,0.8691,0.296,0.3535,0.614,0.556,0.224220311704071
245,pan,sna,0.14,19,35,0.0001265502404454,592,7902,0.0749177423437104,1.0,0.3946,0.4085,0.2334,0.494,0.36466884880397427
246,pan,som,0.04,47,7,0.0001265502404454,1246,7902,0.1576815995950392,1.0,0.4536,0.4751,0.6746,0.4477,0.224558740540193
247,pan,spa,0.15,16,38,0.0,10000,7902,1.2655024044545684,0.9248,0.5454,0.6154,0.7691,0.5302,0.6849914419143531
248,pan,swa,0.08,37,17,0.0,10000,7902,1.2655024044545684,1.0,0.3585,0.3987,0.6421,0.4788,0.29082395263047167
249,pan,swe,0.1,32,22,0.0,10000,7902,1.2655024044545684,0.8934,0.3449,0.3691,0.1927,0.4998,0.31276752313520667
250,pan,tam,0.21,6,48,0.0,10000,7902,1.2655024044545684,1.0,0.2827,0.2929,0.1337,0.3954,0.020055394018583795
251,pan,tel,0.46,2,52,0.0,5991,7902,0.758162490508732,1.0,0.3789,0.409,0.5307,0.2584,0.015340970430490986
252,pan,tgk,0.13,21,33,0.0,10000,7902,1.2655024044545684,0.8245,0.5441,0.7591,0.9005,1.3631,0.10940130585954097
253,pan,tgl,0.1,32,22,0.0,10000,7902,1.2655024044545684,1.0,0.473,0.494,0.67,0.4561,0.24836978704388987
254,pan,tha,0.07,41,13,0.0001265502404454,10000,7902,1.2655024044545684,1.0,0.4919,0.5099,0.7196,0.4172,0.13159149803183232
255,pan,tir,0.02,52,2,0.0,81,7902,0.010250569476082,1.0,0.5795,0.62,0.2661,0.5558,0.2301931828584084
256,pan,tuk,0.17,10,44,0.0,1152,7902,0.1457858769931662,1.0,0.429,0.6411,0.8212,1.3631,0.13434462238637834
257,pan,tur,0.13,21,33,0.0,10000,7902,1.2655024044545684,1.0,0.3058,0.3522,0.6572,0.5235,0.23050783111337184
258,pan,ukr,0.17,10,44,0.0,10000,7902,1.2655024044545684,0.8831,0.325,0.3489,0.1368,0.4771,0.2537229567930547
259,pan,uig,0.12,26,28,0.0,1167,7902,0.1476841305998481,1.0,0.5413,0.7594,1.0,1.3631,0.1465556015384158
260,pan,uzb,0.17,10,44,0.0,10000,7902,1.2655024044545684,1.0,0.5305,0.5905,0.3027,0.549,0.1353251788171431
261,pan,vie,0.1,32,22,0.0,10000,7902,1.2655024044545684,1.0,0.4607,0.4878,0.7366,0.4505,0.14242265286810715
262,pan,xho,0.03,49,5,0.0001265502404454,218,7902,0.0275879524171095,1.0,0.4399,0.4401,0.1864,0.478,0.4181114319459311
263,pan,yor,0.08,37,17,0.0001265502404454,7227,7902,0.9145785876993168,1.0,0.537,0.6036,0.7283,0.4604,0.388779984835896
264,pan,zul,0.12,26,28,0.0,462,7902,0.058466211085801,1.0,0.5011,0.5617,0.7509,0.5088,0.41780051014680003
265,tel,amh,0.22,6,48,0.00016691704223,2028,5991,0.3385077616424637,1.0,0.4509,0.4898,0.4813,0.4974,0.22846467052744335
266,tel,ara,0.06,45,9,0.0,10000,5991,1.669170422300117,1.0,0.4192,0.6861,1.1421,1.3756,0.18233303023977135
267,tel,aze,0.16,15,39,0.0,10000,5991,1.669170422300117,1.0,0.408,0.4481,0.6044,0.5466,0.18217567530104875
268,tel,ben,0.3,5,49,0.0,10000,5991,1.669170422300117,1.0,0.4813,0.4864,0.2532,0.3071,0.03343501807527084
269,tel,cat,0.14,25,29,0.0,10000,5991,1.669170422300117,1.0,0.4091,0.4443,0.0,0.4366,0.39913315442179254
270,tel,ceb,0.08,40,14,0.0,10000,5991,1.669170422300117,1.0,0.4877,0.5109,0.5619,0.5313,0.2374617692226819
271,tel,ckb,0.18,9,45,0.00016691704223,6279,5991,1.0480721081622433,1.0,0.5016,0.7073,1.1421,1.3756,0.16346383251300478
272,tel,deu,0.15,21,33,0.0,10000,5991,1.669170422300117,1.0,0.4844,0.5105,0.4093,0.5137,0.3375097275896285
273,tel,fas,0.14,25,29,0.0,10000,5991,1.669170422300117,1.0,0.4044,0.4502,0.4093,0.5197,0.1423375569205684
274,tel,fra,0.09,39,15,0.0,10000,5991,1.669170422300117,1.0,0.4399,0.4696,0.4511,0.4579,0.37990798022448996
275,tel,hau,0.16,15,39,0.0,1071,5991,0.1787681522283425,1.0,0.4784,0.5122,0.384,0.5345,0.3819543314233864
276,tel,hin,0.47,1,53,0.0,10000,5991,1.669170422300117,1.0,0.3902,0.4028,0.4511,0.3019,0.0008311847735826589
277,tel,hun,0.12,32,22,0.0,10000,5991,1.669170422300117,1.0,0.3911,0.4297,0.3546,0.4536,0.29618738024418745
278,tel,ilo,0.13,29,25,0.00016691704223,3549,5991,0.5923885828743115,1.0,0.4729,0.5029,0.5619,0.4736,0.24049445564391841
279,tel,ind,0.19,7,47,0.0,10000,5991,1.669170422300117,1.0,0.4683,0.4852,0.384,0.4658,0.2470471633805905
280,tel,ita,0.15,21,33,0.0,10000,5991,1.669170422300117,1.0,0.3835,0.4474,0.5619,0.492,0.3402463526153567
281,tel,jav,0.18,9,45,0.00016691704223,9243,5991,1.542814221331998,1.0,0.4871,0.4949,0.4458,0.4125,0.24756658792997033
282,tel,kaz,0.12,32,22,0.0,10000,5991,1.669170422300117,1.0,0.5227,0.708,1.0574,1.3756,0.1505032104253574
283,tel,kin,0.05,47,7,0.0,864,5991,0.1442163244867301,1.0,0.5038,0.528,0.6244,0.4883,0.30315205378133975
284,tel,kir,0.17,12,42,0.0,10000,5991,1.669170422300117,1.0,0.4754,0.5043,0.3714,0.5201,0.11178015163283592
285,tel,kur,0.17,12,42,0.0,4006,5991,0.6686696711734268,1.0,0.486,0.5134,0.3312,0.5486,0.21831297865386146
286,tel,lao,0.01,52,2,0.0,521,5991,0.086963779001836,1.0,0.4343,0.4707,0.5619,0.5065,0.14481480552523804
287,tel,mar,0.36,3,51,0.0,10000,5991,1.669170422300117,1.0,0.3421,0.3851,0.5931,0.3411,0.0013257548299149054
288,tel,mlt,0.08,40,14,0.0,1390,5991,0.2320146886997162,1.0,0.4376,0.4947,0.6044,0.5358,0.3271953820753278
289,tel,mya,0.01,52,2,0.0,3282,5991,0.5478217325988983,1.0,0.4147,0.4347,0.4093,0.4239,0.08888540072185173
290,tel,msa,0.19,7,47,0.0,10000,5991,1.669170422300117,1.0,0.404,0.4575,0.5619,0.4994,0.20677596335754192
291,tel,nld,0.11,35,19,0.0,10000,5991,1.669170422300117,1.0,0.3933,0.4436,0.5549,0.4962,0.35393935207408617
292,tel,nya,0.03,49,5,0.0,237,5991,0.0395593390085127,1.0,0.511,0.7103,1.1421,1.3756,0.3266915389393839
293,tel,orm,0.08,40,14,0.0,265,5991,0.044233016190953,1.0,0.4746,0.5025,0.384,0.4842,0.22859947927415117
294,tel,pan,0.44,2,52,0.0,7902,5991,1.3189784677015524,1.0,0.3789,0.409,0.5307,0.2584,0.015340970430491003
295,tel,pol,0.13,29,25,0.0,10000,5991,1.669170422300117,1.0,0.3799,0.4533,0.1515,0.5132,0.30562080541566855
296,tel,por,0.1,37,17,0.0,10000,5991,1.669170422300117,1.0,0.381,0.4408,0.5307,0.4589,0.7046158862756455
297,tel,ron,0.16,15,39,0.0,10000,5991,1.669170422300117,1.0,0.4719,0.5008,0.4093,0.4883,0.27454503048111234
298,tel,rus,0.04,48,6,0.0,10000,5991,1.669170422300117,1.0,0.3929,0.4579,0.362,0.5519,0.22683494157437736
299,tel,sna,0.15,21,33,0.0,592,5991,0.0988148890001669,1.0,0.3914,0.4706,0.5849,0.5081,0.35631163958924855
300,tel,som,0.06,45,9,0.0,1246,5991,0.2079786346185945,1.0,0.4573,0.4649,0.3714,0.4489,0.2215922186676742
301,tel,spa,0.18,9,45,0.0,10000,5991,1.669170422300117,1.0,0.5275,0.5463,0.5303,0.5428,0.6999551190942007
302,tel,swa,0.12,32,22,0.00016691704223,10000,5991,1.669170422300117,1.0,0.4256,0.4729,0.4813,0.5081,0.28277503674230925
303,tel,swe,0.08,40,14,0.0,10000,5991,1.669170422300117,1.0,0.4278,0.4606,0.5739,0.4696,0.31660770155017026
304,tel,tam,0.33,4,50,0.00016691704223,10000,5991,1.669170422300117,0.8831,0.2772,0.3451,0.5433,0.4145,0.011831763967771273
305,tel,tgk,0.16,15,39,0.0,10000,5991,1.669170422300117,1.0,0.4761,0.6943,1.1421,1.3756,0.1046131861241663
306,tel,tgl,0.16,15,39,0.0,10000,5991,1.669170422300117,1.0,0.4527,0.4811,0.3945,0.4552,0.26310623793318166
307,tel,tha,0.07,44,10,0.0,10000,5991,1.669170422300117,1.0,0.4916,0.4971,0.422,0.4178,0.12050529408892972
308,tel,tir,0.02,51,3,0.0,81,5991,0.0135202804206309,1.0,0.493,0.5254,0.595,0.5538,0.22387245701648226
309,tel,tuk,0.16,15,39,0.00016691704223,1152,5991,0.1922884326489734,1.0,0.3987,0.6539,1.0574,1.3756,0.12855347340380177
310,tel,tur,0.14,25,29,0.0,10000,5991,1.669170422300117,1.0,0.4089,0.4372,0.362,0.5224,0.23272490097555923
311,tel,ukr,0.17,12,42,0.0,10000,5991,1.669170422300117,1.0,0.3802,0.4393,0.5619,0.492,0.25609149188539937
312,tel,uig,0.15,21,33,0.0,1167,5991,0.1947921882824236,1.0,0.4512,0.6788,1.1219,1.3756,0.13967355863812286
313,tel,uzb,0.14,25,29,0.0,10000,5991,1.669170422300117,1.0,0.4327,0.4889,0.6244,0.5466,0.12978989617767847
314,tel,vie,0.1,37,17,0.0,10000,5991,1.669170422300117,1.0,0.4807,0.4881,0.4667,0.4948,0.15429362285069603
315,tel,xho,0.03,49,5,0.0,218,5991,0.0363879152061425,1.0,0.4204,0.48,0.5549,0.5081,0.41029065518657915
316,tel,yor,0.11,35,19,0.00016691704223,7227,5991,1.2063094641962944,1.0,0.4898,0.5145,0.5303,0.4581,0.38641890528803774
317,tel,zul,0.13,29,25,0.0,462,5991,0.0771156735102654,1.0,0.4689,0.4925,0.3951,0.5065,0.40999353252909687
318,tir,amh,0.63,1,53,0.382716049382716,2028,81,25.03703703703704,0.5273,0.4596,0.498,0.8019,0.3763,0.018105486810314157
319,tir,ara,0.24,37,17,0.0,10000,81,123.45679012345678,0.631,0.5334,0.7328,0.9525,1.3062,0.12280224451043449
320,tir,aze,0.37,10,44,0.0123456790123456,10000,81,123.45679012345678,1.0,0.5103,0.5614,0.3002,0.5006,0.17445970040480213
321,tir,ben,0.39,4,50,0.0,10000,81,123.45679012345678,1.0,0.2845,0.3034,0.5956,0.5592,0.25594572745570254
322,tir,cat,0.23,39,15,0.0,10000,81,123.45679012345678,1.0,0.5928,0.6228,0.595,0.4643,0.26810642676736
323,tir,ceb,0.28,29,25,0.0123456790123456,10000,81,123.45679012345678,1.0,0.3577,0.3982,0.3002,0.4885,0.45399505186833106
324,tir,ckb,0.33,14,40,0.0,6279,81,77.51851851851852,1.0,0.2936,0.5196,0.9525,1.3062,0.12929334423269023
325,tir,deu,0.26,33,21,0.0,10000,81,123.45679012345678,1.0,0.3193,0.3169,0.645,0.4751,0.26464969407049965
326,tir,fas,0.24,37,17,0.0,10000,81,123.45679012345678,1.0,0.5727,0.6076,0.5698,0.429,0.14340156144102034
327,tir,fra,0.21,41,13,0.0,10000,81,123.45679012345678,1.0,0.5738,0.6174,0.6651,0.4761,0.2536796868694471
328,tir,hau,0.29,26,28,0.0,1071,81,13.22222222222222,0.8718,0.4802,0.4974,0.7408,0.4847,0.16981621138933434
329,tir,hin,0.42,3,51,0.0,10000,81,123.45679012345678,1.0,0.5867,0.6152,0.631,0.5082,0.22379904765271946
330,tir,hun,0.26,33,21,0.0,10000,81,123.45679012345678,1.0,0.5841,0.6173,0.6206,0.4254,0.21935310417634
331,tir,ilo,0.31,19,35,0.0,3549,81,43.81481481481482,1.0,0.4124,0.463,0.3002,0.5097,0.45340435074079116
332,tir,ind,0.36,12,42,0.0,10000,81,123.45679012345678,1.0,0.4724,0.4865,0.6703,0.4443,0.43828839142239273
333,tir,ita,0.33,14,40,0.0,10000,81,123.45679012345678,1.0,0.5854,0.611,0.2301,0.4354,0.2332336807338493
334,tir,jav,0.28,29,25,0.0,9243,81,114.11111111111111,1.0,0.3687,0.4054,0.4672,0.4978,0.4388817846539565
335,tir,kaz,0.22,40,14,0.0,10000,81,123.45679012345678,1.0,0.2678,0.4999,0.9275,1.3062,0.25069847893337066
336,tir,kin,0.29,26,28,0.0,864,81,10.666666666666666,1.0,0.2955,0.2789,0.3517,0.429,0.09347810854369439
337,tir,kir,0.31,19,35,0.0,10000,81,123.45679012345678,1.0,0.2726,0.2892,0.5833,0.5354,0.24010675993482986
338,tir,kur,0.38,7,47,0.0,4006,81,49.45679012345679,1.0,0.2873,0.2775,0.5199,0.389,0.1474042583715545
339,tir,lao,0.02,53,1,0.0123456790123456,521,81,6.432098765432099,1.0,0.415,0.4209,0.3002,0.4723,0.35552882003632924
340,tir,mar,0.39,4,50,0.0,10000,81,123.45679012345678,1.0,0.5521,0.5815,0.2677,0.508,0.22400717030911188
341,tir,mlt,0.16,45,9,0.0,1390,81,17.160493827160494,0.6614,0.5149,0.5626,0.2301,0.382,0.21458553550340953
342,tir,mya,0.07,52,2,0.0123456790123456,3282,81,40.51851851851852,1.0,0.5634,0.6027,0.7485,0.4971,0.3100256996565138
343,tir,msa,0.32,18,36,0.0,10000,81,123.45679012345678,1.0,0.4886,0.5251,0.3002,0.4443,0.4017049180452686
344,tir,nld,0.19,43,11,0.0,10000,81,123.45679012345678,1.0,0.5625,0.5857,0.2617,0.4528,0.2747404462635537
345,tir,nya,0.1,49,5,0.0,237,81,2.925925925925926,1.0,0.3691,0.5485,0.9525,1.3062,0.14674278444127845
346,tir,orm,0.43,2,52,0.0,265,81,3.271604938271605,0.9097,0.284,0.2889,0.7408,0.4039,0.018813616484644323
347,tir,pan,0.37,10,44,0.0,7902,81,97.55555555555556,1.0,0.5795,0.62,0.2661,0.5558,0.2301931828584084
348,tir,pol,0.27,32,22,0.0,10000,81,123.45679012345678,1.0,0.6099,0.6609,0.5698,0.4799,0.24865870536751536
349,tir,por,0.26,33,21,0.0,10000,81,123.45679012345678,1.0,0.588,0.613,0.2661,0.4485,0.49406913528261637
350,tir,ron,0.39,4,50,0.0,10000,81,123.45679012345678,1.0,0.2992,0.2786,0.4407,0.3633,0.20419645066205264
351,tir,rus,0.21,41,13,0.0,10000,81,123.45679012345678,1.0,0.5827,0.6453,0.6326,0.5108,0.3175004146874007
352,tir,sna,0.33,14,40,0.0123456790123456,592,81,7.308641975308642,1.0,0.5352,0.5812,0.3517,0.5029,0.1783978355967677
353,tir,som,0.16,45,9,0.0,1246,81,15.382716049382717,0.8989,0.4722,0.5071,0.5833,0.4818,0.04141288330156043
354,tir,spa,0.28,29,25,0.0,10000,81,123.45679012345678,1.0,0.372,0.3614,0.7794,0.5183,0.5818877385986644
355,tir,swa,0.3,22,32,0.0,10000,81,123.45679012345678,1.0,0.5532,0.5991,0.6962,0.4861,0.08399793885611997
356,tir,swe,0.13,47,7,0.0,10000,81,123.45679012345678,1.0,0.5567,0.5852,0.3277,0.5858,0.29608310803904275
357,tir,tam,0.3,22,32,0.0,10000,81,123.45679012345678,1.0,0.5203,0.5609,0.296,0.5193,0.2259829285778177
358,tir,tel,0.31,19,35,0.0,5991,81,73.96296296296296,1.0,0.493,0.5254,0.595,0.5538,0.22387245701648217
359,tir,tgk,0.26,33,21,0.0,10000,81,123.45679012345678,1.0,0.2613,0.5061,0.9525,1.3062,0.21658068356528914
360,tir,tgl,0.38,7,47,0.0123456790123456,10000,81,123.45679012345678,1.0,0.4771,0.5144,0.7229,0.4871,0.4500239495819877
361,tir,tha,0.1,49,5,0.0,10000,81,123.45679012345678,1.0,0.4832,0.4917,0.7675,0.4782,0.3339723447583601
362,tir,tuk,0.34,13,41,0.0,1152,81,14.22222222222222,1.0,0.4927,0.7129,0.9275,1.3062,0.17151049770014712
363,tir,tur,0.38,7,47,0.0,10000,81,123.45679012345678,1.0,0.5536,0.6063,0.6733,0.5029,0.15845606535668283
364,tir,ukr,0.19,43,11,0.0,10000,81,123.45679012345678,1.0,0.5336,0.5642,0.2301,0.4561,0.21722878759094585
365,tir,uig,0.3,22,32,0.0,1167,81,14.407407407407408,1.0,0.2451,0.5044,1.1024,1.3062,0.3457739520198038
366,tir,uzb,0.33,14,40,0.0,10000,81,123.45679012345678,1.0,0.3018,0.29,0.296,0.5006,0.2067670196874521
367,tir,vie,0.11,48,6,0.0,10000,81,123.45679012345678,1.0,0.4874,0.504,0.7485,0.4657,0.36541570860619127
368,tir,xho,0.09,51,3,0.0,218,81,2.691358024691358,1.0,0.4257,0.4897,0.3217,0.4335,0.23918241641960863
369,tir,yor,0.29,26,28,0.0,7227,81,89.22222222222223,1.0,0.3245,0.3203,0.7406,0.4593,0.17264273121538992
370,tir,zul,0.3,22,32,0.0,462,81,5.703703703703703,1.0,0.4016,0.423,0.762,0.4913,0.23897258213229755
371,ukr,amh,0.18,28,26,0.0,2028,10000,0.2028,1.0,0.4112,0.4547,0.7877,0.3995,0.23178525398824373
372,ukr,ara,0.1,43,11,0.0,10000,10000,1.0,1.0,0.3324,0.5578,0.8723,1.2579,0.11143114334982278
373,ukr,aze,0.35,2,52,0.0015,10000,10000,1.0,1.0,0.4465,0.4288,0.1973,0.469,0.08112926004964045
374,ukr,ben,0.26,17,37,0.0,10000,10000,1.0,0.8919,0.5031,0.5582,0.6018,0.4985,0.27496054724170316
375,ukr,cat,0.24,22,32,0.0005,10000,10000,1.0,0.9097,0.3418,0.359,0.5619,0.3791,0.15933379550674898
376,ukr,ceb,0.1,43,11,0.0,10000,10000,1.0,1.0,0.4921,0.4882,0.1973,0.4372,0.4524395800806312
377,ukr,ckb,0.25,19,35,0.0,6279,10000,0.6279,0.8919,0.5683,0.7226,0.8723,1.2579,0.12260452914631634
378,ukr,deu,0.25,19,35,0.0002,10000,10000,1.0,0.8831,0.4703,0.5362,0.6561,0.4361,0.08508291283015712
379,ukr,fas,0.2,26,28,0.0,10000,10000,1.0,0.8919,0.3672,0.3914,0.6172,0.3846,0.1338662317508937
380,ukr,fra,0.24,22,32,0.0003,10000,10000,1.0,0.9176,0.3631,0.3876,0.6755,0.4362,0.17092958943632985
381,ukr,hau,0.17,32,22,0.0,1071,10000,0.1071,1.0,0.4361,0.4831,0.7217,0.4695,0.24488212856245964
382,ukr,hin,0.29,7,47,0.0,10000,10000,1.0,0.8919,0.3349,0.389,0.6755,0.5025,0.25585356578576274
383,ukr,hun,0.24,22,32,0.0007,10000,10000,1.0,1.0,0.3289,0.3692,0.5903,0.3791,0.05058031818710463
384,ukr,ilo,0.12,38,16,0.0,3549,10000,0.3549,1.0,0.4883,0.4709,0.1973,0.3897,0.447902721829794
385,ukr,ind,0.28,10,44,0.0008,10000,10000,1.0,1.0,0.4353,0.4569,0.6449,0.3794,0.49109151910007215
386,ukr,ita,0.24,22,32,0.0003,10000,10000,1.0,0.9047,0.275,0.2914,0.0,0.3684,0.10225119954712181
387,ukr,jav,0.16,35,19,0.0013,9243,10000,0.9243,1.0,0.5286,0.5229,0.4161,0.4225,0.49176061875561183
388,ukr,kaz,0.34,3,51,0.0143,10000,10000,1.0,1.0,0.5752,0.7218,0.8437,1.2579,0.1442920822758607
389,ukr,kin,0.05,49,5,0.0,864,10000,0.0864,1.0,0.5427,0.572,0.3352,0.4319,0.29090658176223005
390,ukr,kir,0.32,5,49,0.0063,10000,10000,1.0,1.0,0.5168,0.569,0.6287,0.5083,0.16880495888434724
391,ukr,kur,0.18,28,26,0.0004,4006,10000,0.4006,0.8831,0.4767,0.5377,0.6018,0.4279,0.0789696851381894
392,ukr,lao,0.03,53,1,0.0,521,10000,0.0521,1.0,0.4093,0.4295,0.1973,0.4376,0.3557946172993574
393,ukr,mar,0.29,7,47,0.0,10000,10000,1.0,0.8831,0.3492,0.3729,0.14,0.4954,0.2569591560357067
394,ukr,mlt,0.1,43,11,0.0001,1390,10000,0.139,1.0,0.3991,0.372,0.1973,0.3882,0.13608390445668872
395,ukr,mya,0.04,51,3,0.0001,3282,10000,0.3282,1.0,0.3909,0.4108,0.73,0.4427,0.32199636381783375
396,ukr,msa,0.28,10,44,0.0005,10000,10000,1.0,1.0,0.3942,0.4064,0.1973,0.4047,0.45153486071537774
397,ukr,nld,0.28,10,44,0.0003,10000,10000,1.0,0.9047,0.311,0.3398,0.2301,0.4295,0.10292524521442385
398,ukr,nya,0.06,48,6,0.0,237,10000,0.0237,1.0,0.4891,0.6822,0.8723,1.2579,0.3557070290751114
399,ukr,orm,0.09,46,8,0.0,265,10000,0.0265,1.0,0.4974,0.5525,0.7217,0.3567,0.23602002286083387
400,ukr,pan,0.27,15,39,0.0,7902,10000,0.7902,0.8831,0.325,0.3489,0.1368,0.4771,0.2537229567930544
401,ukr,pol,0.33,4,50,0.0003,10000,10000,1.0,0.5903,0.2907,0.3508,0.5337,0.4233,0.05354984306069329
402,ukr,por,0.17,32,22,0.0005,10000,10000,1.0,0.9139,0.2834,0.2983,0.1368,0.3826,0.4996879915390796
403,ukr,ron,0.28,10,44,0.0005,10000,10000,1.0,0.8989,0.4499,0.5096,0.439,0.3314,0.034446655440224544
404,ukr,rus,0.42,1,53,0.0047,10000,10000,1.0,0.2952,0.282,0.3309,0.6036,0.3605,0.15518008568254565
405,ukr,sna,0.12,38,16,0.0,592,10000,0.0592,1.0,0.3593,0.3857,0.2721,0.4496,0.38453994148204906
406,ukr,som,0.09,46,8,0.0003,1246,10000,0.1246,1.0,0.4074,0.4462,0.6662,0.4985,0.24696357250505635
407,ukr,spa,0.25,19,35,0.0006,10000,10000,1.0,0.9176,0.4858,0.5552,0.7634,0.4933,0.4802734142245615
408,ukr,swa,0.15,36,18,0.0003,10000,10000,1.0,1.0,0.3909,0.4204,0.6733,0.4076,0.29352868896030987
409,ukr,swe,0.28,10,44,0.0006,10000,10000,1.0,0.8831,0.3689,0.3938,0.2388,0.4944,0.09050148178393815
410,ukr,tam,0.17,32,22,0.0,10000,10000,1.0,1.0,0.35,0.367,0.1906,0.5252,0.2611399806285761
411,ukr,tel,0.26,17,37,0.0,5991,10000,0.5991,1.0,0.3802,0.4393,0.5619,0.492,0.25609149188539915
412,ukr,tgk,0.27,15,39,0.0012,10000,10000,1.0,0.9047,0.4759,0.6765,0.8723,1.2579,0.1610141231767132
413,ukr,tgl,0.18,28,26,0.0007,10000,10000,1.0,1.0,0.4343,0.459,0.7023,0.454,0.4340707336114131
414,ukr,tha,0.11,42,12,0.0001,10000,10000,1.0,1.0,0.4478,0.4701,0.7506,0.4418,0.3600329461027252
415,ukr,tir,0.04,51,3,0.0,81,10000,0.0081,1.0,0.5336,0.5642,0.2301,0.4561,0.21722878759094577
416,ukr,tuk,0.18,28,26,0.0,1152,10000,0.1152,1.0,0.4193,0.6059,0.8437,1.2579,0.1356759914224062
417,ukr,tur,0.3,6,48,0.001,10000,10000,1.0,1.0,0.3691,0.3909,0.6482,0.4496,0.06557519919297487
418,ukr,uig,0.12,38,16,0.0,1167,10000,0.1167,1.0,0.4944,0.6898,1.0273,1.2579,0.28500814346897313
419,ukr,uzb,0.29,7,47,0.0,10000,10000,1.0,1.0,0.4704,0.5322,0.3352,0.528,0.13299237709453834
420,ukr,vie,0.19,27,27,0.0005,10000,10000,1.0,1.0,0.3949,0.4511,0.7655,0.4608,0.3703878234871368
421,ukr,xho,0.05,49,5,0.0002,218,10000,0.0218,1.0,0.4056,0.4059,0.2301,0.3885,0.4415170887722733
422,ukr,yor,0.14,37,17,0.0001,7227,10000,0.7227,1.0,0.4737,0.5375,0.7215,0.3442,0.25329526732795715
423,ukr,zul,0.12,38,16,0.0001,462,10000,0.0462,1.0,0.4415,0.4959,0.7447,0.4142,0.44127934347598136
424,uig,amh,0.21,14,40,0.0,2028,1167,1.737789203084833,1.0,0.4627,0.6495,1.094,1.273,0.3547468130547209
425,uig,ara,0.12,40,14,0.0,10000,1167,8.56898029134533,1.0,0.5184,0.5093,0.5541,0.0,0.2643643060119642
426,uig,aze,0.29,2,52,0.0068551842330762,10000,1167,8.56898029134533,0.5804,0.5097,0.7114,1.0273,1.2875,0.23284805420336394
427,uig,ben,0.21,14,40,0.0,10000,1167,8.56898029134533,1.0,0.2642,0.5239,1.1695,1.3375,0.11333112650892048
428,uig,cat,0.2,18,36,0.0,10000,1167,8.56898029134533,1.0,0.5897,0.7569,1.1219,1.2875,0.4414871745676528
429,uig,ceb,0.17,30,24,0.0,10000,1167,8.56898029134533,1.0,0.3753,0.5696,0.9727,1.2148,0.17150868788134507
430,uig,ckb,0.2,18,36,0.0025706940874035,6279,1167,5.380462724935732,1.0,0.3247,0.2753,0.5541,0.0,0.24683469074590458
431,uig,deu,0.19,22,32,0.0,10000,1167,8.56898029134533,1.0,0.3017,0.5347,1.2411,1.3198,0.3590980538277678
432,uig,fas,0.15,37,17,0.0,10000,1167,8.56898029134533,1.0,0.5443,0.74,1.3059,1.2779,0.22700310607955881
433,uig,fra,0.16,33,21,0.0,10000,1167,8.56898029134533,1.0,0.5725,0.7757,1.289,1.3331,0.425488784420689
434,uig,hau,0.16,33,21,0.0085689802913453,1071,1167,0.9177377892030848,1.0,0.4792,0.6581,1.2485,1.3016,0.48382866563085325
435,uig,hin,0.24,4,50,0.0,10000,1167,8.56898029134533,1.0,0.5635,0.7792,1.289,1.4001,0.1396420003831421
436,uig,hun,0.19,22,32,0.001713796058269,10000,1167,8.56898029134533,1.0,0.5524,0.7444,1.2566,1.2875,0.33277466068075284
437,uig,ilo,0.18,28,26,0.0085689802913453,3549,1167,3.041131105398457,1.0,0.431,0.6306,0.9727,1.268,0.17328223749909868
438,uig,ind,0.22,8,46,0.0042844901456726,10000,1167,8.56898029134533,1.0,0.4381,0.627,1.1842,1.263,0.2290568378513719
439,uig,ita,0.19,22,32,0.0,10000,1167,8.56898029134533,1.0,0.5622,0.7363,1.0273,1.2579,0.38486179644557333
440,uig,jav,0.19,22,32,0.0119965724078834,9243,1167,7.920308483290489,1.0,0.3807,0.6053,1.1219,1.3243,0.22946186230397628
441,uig,kaz,0.18,28,26,0.0,10000,1167,8.56898029134533,0.5804,0.2971,0.2387,0.4084,0.0,0.14238366386304915
442,uig,kin,0.12,40,14,0.0051413881748071,864,1167,0.7403598971722365,1.0,0.2929,0.508,1.026,1.2779,0.432091868497196
443,uig,kir,0.22,8,46,0.0008568980291345,10000,1167,8.56898029134533,0.5804,0.2436,0.5039,1.204,1.3016,0.12552746616884128
444,uig,kur,0.22,8,46,0.0111396743787489,4006,1167,3.43273350471294,1.0,0.2673,0.5159,1.2282,1.3016,0.2853838818710229
445,uig,lao,0.04,52,2,0.0,521,1167,0.4464438731790917,1.0,0.3999,0.5916,0.9727,1.268,0.1149823129371087
446,uig,mar,0.23,5,49,0.0,10000,1167,8.56898029134533,1.0,0.5292,0.7223,1.0,1.3062,0.1389732281536138
447,uig,mlt,0.09,48,6,0.0034275921165381,1390,1167,1.1910882604970008,1.0,0.5206,0.7087,1.0546,1.2423,0.3808962672633386
448,uig,mya,0.04,52,2,0.0,3282,1167,2.8123393316195373,1.0,0.5452,0.7381,1.1789,1.3108,0.09577533505837506
449,uig,msa,0.23,5,49,0.0008568980291345,10000,1167,8.56898029134533,1.0,0.4923,0.6811,0.9727,1.263,0.19823999041949517
450,uig,nld,0.12,40,14,0.0008568980291345,10000,1167,8.56898029134533,1.0,0.5527,0.7459,1.051,1.3287,0.37371184491033094
451,uig,nya,0.08,49,5,0.0034275921165381,237,1167,0.2030848329048843,1.0,0.3403,0.2768,0.5541,0.0,0.4614331574186844
452,uig,orm,0.11,45,9,0.0008568980291345,265,1167,0.2270779777206512,1.0,0.2779,0.5004,1.2485,1.2528,0.3542470389231058
453,uig,pan,0.22,8,46,0.0,7902,1167,6.77120822622108,1.0,0.5413,0.7594,1.0,1.3631,0.14655560153841585
454,uig,pol,0.19,22,32,0.0,10000,1167,8.56898029134533,1.0,0.5821,0.7715,1.1485,1.273,0.32694682742543263
455,uig,por,0.16,33,21,0.0,10000,1167,8.56898029134533,1.0,0.5689,0.7514,1.0,1.3016,0.7763063223227779
456,uig,ron,0.23,5,49,0.001713796058269,10000,1167,8.56898029134533,1.0,0.2697,0.5048,1.2098,1.2779,0.3150898681453404
457,uig,rus,0.17,30,24,0.0,10000,1167,8.56898029134533,1.0,0.5506,0.7467,1.2037,1.2423,0.1750049542532115
458,uig,sna,0.15,37,17,0.0051413881748071,592,1167,0.5072836332476436,1.0,0.5094,0.7237,1.026,1.3153,0.49209557364831674
459,uig,som,0.13,39,15,0.0077120822622107,1246,1167,1.067694944301628,1.0,0.4385,0.666,1.2344,1.3375,0.34927299093969383
460,uig,spa,0.2,18,36,0.0,10000,1167,8.56898029134533,1.0,0.3462,0.5204,1.1396,1.2476,0.6797672952205536
461,uig,swa,0.19,22,32,0.0119965724078834,10000,1167,8.56898029134533,1.0,0.5368,0.7388,1.1901,1.3153,0.41408030421582914
462,uig,swe,0.12,40,14,0.0,10000,1167,8.56898029134533,1.0,0.5592,0.7372,1.0,1.3198,0.3096066612828645
463,uig,tam,0.16,33,21,0.0,10000,1167,8.56898029134533,1.0,0.4864,0.7067,1.026,1.3153,0.14573573776187515
464,uig,tel,0.21,14,40,0.0,5991,1167,5.133676092544987,1.0,0.4512,0.6788,1.1219,1.3756,0.13967355863812284
465,uig,tgk,0.22,8,46,0.0,10000,1167,8.56898029134533,1.0,0.2467,0.2133,0.5541,0.0,0.14576044213688527
466,uig,tgl,0.21,14,40,0.0025706940874035,10000,1167,8.56898029134533,1.0,0.4464,0.6449,1.1298,1.2779,0.19545389362721535
467,uig,tha,0.1,47,7,0.0,10000,1167,8.56898029134533,1.0,0.4663,0.6428,1.1257,1.2969,0.12334222578808585
468,uig,tir,0.05,50,4,0.0,81,1167,0.0694087403598971,1.0,0.2451,0.5044,1.1024,1.3062,0.3457739520198039
469,uig,tuk,0.22,8,46,0.0077120822622107,1152,1167,0.987146529562982,0.5319,0.4807,0.4855,0.4084,0.0,0.1956798322292758
470,uig,tur,0.32,1,53,0.0025706940874035,10000,1167,8.56898029134533,0.5804,0.5263,0.7392,1.2037,1.3153,0.29397800280664405
471,uig,ukr,0.2,18,36,0.0,10000,1167,8.56898029134533,1.0,0.4944,0.6898,1.0273,1.2579,0.2850081434689735
472,uig,uzb,0.29,2,52,0.001713796058269,10000,1167,8.56898029134533,0.4601,0.2219,0.4892,1.0521,1.2875,0.16899403856348386
473,uig,vie,0.12,40,14,0.0034275921165381,10000,1167,8.56898029134533,1.0,0.4608,0.6741,1.2098,1.3504,0.12069585127073543
474,uig,xho,0.05,50,4,0.001713796058269,218,1167,0.1868037703513282,1.0,0.3954,0.65,1.051,1.2922,0.5458555037746513
475,uig,yor,0.17,30,24,0.014567266495287,7227,1167,6.19280205655527,1.0,0.2907,0.4989,1.1753,1.2476,0.4902702789861615
476,uig,zul,0.11,45,9,0.0008568980291345,462,1167,0.3958868894601542,1.0,0.3779,0.5827,1.289,1.268,0.5455497315469727
