task_lang,transfer_lang,accuracy,Rank,Accuracy level,Entity overlap,Transfer lang dataset size,Target lang dataset size,Transfer over target size ratio,genetic,syntactic,featural,phonological,inventory,geographic,morphological
ben,amh,0.28,12,42,0.0002,2028,10000,0.2028,1.0,0.4924,0.5131,0.3695,0.5472,0.2739,
ben,ara,0.11,42,12,0.0,10000,10000,1.0,1.0,0.7308,0.7308,,,1.0,
ben,aze,0.26,14,40,0.0001,10000,10000,1.0,1.0,0.4078,0.5579,0.4278,0.5986,1.0,
ben,cat,0.26,14,40,0.0,10000,10000,1.0,0.9091,0.6172,0.507,0.2566,0.4961,0.399,
ben,ceb,0.16,39,15,0.0,10000,10000,1.0,1.0,0.8211,0.5544,0.2952,0.5158,0.202,
ben,ckb,0.25,18,36,0.0,6279,10000,0.6279,0.75,0.6791,0.5566,0.3021,0.5666,0.2206,
ben,deu,0.26,14,40,0.0,10000,10000,1.0,0.8571,0.4698,0.4993,0.3578,0.5404,0.3565,
ben,fas,0.22,26,28,0.0,10000,10000,1.0,1.0,0.6334,0.5276,0.3578,0.5182,1.0,
ben,fra,0.22,26,28,0.0,10000,10000,1.0,0.9375,0.5582,0.4769,0.3021,0.4753,0.3951,
ben,hau,0.21,32,22,0.0,1071,10000,0.1071,1.0,0.6836,0.5705,0.3578,0.5666,0.4309,
ben,hin,0.45,2,52,0.0,10000,10000,1.0,0.625,0.3729,0.3499,0.3021,0.3481,0.0659,
ben,hun,0.23,22,32,0.0,10000,10000,1.0,1.0,0.5,0.5043,0.3695,0.5319,0.3308,
ben,ilo,0.22,26,28,0.0002,3549,10000,0.3549,1.0,0.6879,0.4917,0.2952,0.443,0.1675,
ben,ind,0.35,6,48,0.0,10000,10000,1.0,1.0,0.6897,0.5367,0.2566,0.5144,0.2043,
ben,ita,0.32,7,47,0.0,10000,10000,1.0,0.9,0.6185,0.5615,0.2952,0.5625,0.3607,
ben,jav,0.27,13,41,0.0,9243,10000,0.9243,1.0,0.711,0.5035,0.4407,0.4621,0.177,
ben,kaz,0.2,33,21,0.0,10000,10000,1.0,1.0,0.0,0.0,0.0,,0.1494,
ben,kin,0.07,48,6,0.0,864,10000,0.0864,1.0,0.765,0.5588,0.4097,0.5182,0.3548,
ben,kir,0.22,26,28,0.0,10000,10000,1.0,1.0,0.2804,0.4777,0.3578,0.5337,0.1243,
ben,kur,0.25,18,36,0.0,4006,10000,0.4006,1.0,0.6482,0.5506,0.3021,0.5666,0.2203,
ben,lao,0.01,53,1,0.0,521,10000,0.0521,1.0,0.6572,0.5417,0.2952,0.522,0.0878,
ben,mar,0.48,1,53,0.0002,10000,10000,1.0,0.5714,0.3173,0.3718,0.369,0.3908,0.5455497315469727,
ben,mlt,0.08,47,7,0.0,1390,10000,0.139,1.0,0.6836,0.5707,0.3613,0.578,0.3609,
ben,mya,0.02,51,3,0.0,3282,10000,0.3282,1.0,0.4485,0.4309,0.2513,0.4589,0.0271,
ben,msa,0.41,3,51,0.0,10000,10000,1.0,1.0,0.7509,0.5842,0.2952,0.5867,1.0,
ben,nld,0.18,36,18,0.0,10000,10000,1.0,0.9,0.5069,0.4874,0.195,0.5193,0.3795,
ben,nya,0.04,49,5,0.0,237,10000,0.0237,1.0,0.7955,0.7955,,,0.3778,
ben,orm,0.1,44,10,0.0,265,10000,0.0265,1.0,0.5346,0.4998,0.3578,0.5177,1.0,
ben,pan,0.4,4,50,0.0,7902,10000,0.7902,0.5714,0.409,0.3475,0.2048,0.3369,0.0784,
ben,pol,0.26,14,40,0.0,10000,10000,1.0,0.8333,0.5397,0.518,0.2566,0.5472,0.3333,
ben,por,0.22,26,28,0.0,10000,10000,1.0,0.9333,0.6356,0.5175,0.2048,0.4991,0.4285,
ben,ron,0.31,10,44,0.0001,10000,10000,1.0,0.8889,0.649,0.5278,0.2677,0.4997,0.3135,
ben,rus,0.11,42,12,0.0,10000,10000,1.0,0.8,0.5574,0.5616,0.3743,0.5962,0.1817,
ben,sna,0.17,37,17,0.0,592,10000,0.0592,1.0,0.7764,0.5996,0.4097,0.5667,0.3987,
ben,som,0.09,46,8,0.0,1246,10000,0.1246,1.0,0.5353,0.4521,0.3021,0.4468,0.2623,
ben,spa,0.32,7,47,0.0,10000,10000,1.0,0.9231,0.6267,0.5792,0.4208,0.5849,0.4195,
ben,swa,0.2,33,21,0.0002,10000,10000,1.0,1.0,0.7177,0.5767,0.409,0.5509,1.0,
ben,swe,0.19,35,19,0.0,10000,10000,1.0,0.8571,0.5489,0.4921,0.3613,0.4906,0.3374,
ben,tam,0.25,18,36,0.0,10000,10000,1.0,1.0,0.4518,0.4451,0.2871,0.4661,0.0954,
ben,tel,0.38,5,49,0.0,5991,10000,0.5991,1.0,0.5019,0.3596,0.2566,0.3198,0.0722,
ben,tgk,0.24,21,33,0.0,10000,10000,1.0,0.8,0.684,0.684,,,0.1302,
ben,tgl,0.3,11,43,0.0,10000,10000,1.0,1.0,0.6957,0.5237,0.319,0.461,0.1751,
ben,tha,0.1,44,10,0.0001,10000,10000,1.0,1.0,0.7305,0.4948,0.2566,0.4147,0.0781,
ben,tir,0.02,51,3,0.0,81,10000,0.0081,1.0,0.4918,0.5427,0.3433,0.5877,0.2701,
ben,tuk,0.23,22,32,0.0001,1152,10000,0.1152,1.0,0.3433,0.3141,0.0,,0.1634,
ben,tur,0.32,7,47,0.0,10000,10000,1.0,1.0,0.5765,0.554,0.4208,0.5667,0.2784,
ben,ukr,0.22,26,28,0.0,10000,10000,1.0,0.8333,0.5779,0.526,0.2952,0.5256,0.3128,
ben,uig,0.14,40,14,0.0,1167,10000,0.1167,1.0,0.5126,0.5127,0.5,,0.1188,
ben,uzb,0.23,22,32,0.0,10000,10000,1.0,1.0,0.4736,0.5098,0.3433,0.5491,1.0,
ben,vie,0.14,40,14,0.0,10000,10000,1.0,1.0,0.7012,0.5162,0.1722,0.499,0.0921,
ben,xho,0.04,49,5,0.0,218,10000,0.0218,1.0,0.7379,0.577,0.3433,0.5552,0.4493,
ben,yor,0.23,22,32,0.0002,7227,10000,0.7227,1.0,0.7675,0.5348,0.3743,0.4464,0.4653,
ben,zul,0.17,37,17,0.0,462,10000,0.0462,1.0,0.6969,0.5917,0.4225,0.5757,0.4177,
jav,amh,0.66,23,31,0.0001081899816077,2028,9243,0.2194092827004219,1.0,0.6506,0.5644,0.4717,0.4308,0.3993,
jav,ara,0.64,45,9,0.0,10000,9243,1.0818998160770312,1.0,0.6077,0.6987,,,1.0,
jav,aze,0.66,23,31,0.0114681380504165,10000,9243,1.0818998160770312,1.0,0.6383,0.5939,0.3824,0.5511,1.0,
jav,ben,0.67,9,45,0.0,10000,9243,1.0818998160770312,1.0,0.711,0.5035,0.4407,0.4621,0.177,
jav,cat,0.66,23,31,0.0159039272963323,10000,9243,1.0818998160770312,1.0,0.5386,0.4897,0.3613,0.3445,0.574,
jav,ceb,0.67,9,45,0.0037866493562696,10000,9243,1.0818998160770312,0.5714,0.5102,0.4644,0.2163,0.4751,0.0897,
jav,ckb,0.66,23,31,0.0001081899816077,6279,9243,0.679324894514768,1.0,0.7125,0.5471,0.47,0.5172,0.3907,
jav,deu,0.67,9,45,0.0068159688412852,10000,9243,1.0818998160770312,1.0,0.5959,0.4803,0.4407,0.453,0.5332,
jav,fas,0.65,38,16,0.0,10000,9243,1.0818998160770312,1.0,0.5541,0.5492,0.5295,0.4813,1.0,
jav,fra,0.67,9,45,0.0071405387861084,10000,9243,1.0818998160770312,1.0,0.575,0.5413,0.3743,0.4554,0.5719,
jav,hau,0.65,38,16,0.0164448772043708,1071,9243,0.11587147030185,1.0,0.4862,0.5443,0.5295,0.5347,0.5666,
jav,hin,0.68,4,50,0.0,10000,9243,1.0818998160770312,1.0,0.7487,0.5565,0.47,0.4314,0.231,
jav,hun,0.66,23,31,0.014930217461863,10000,9243,1.0818998160770312,1.0,0.639,0.5438,0.3613,0.437,0.507,
jav,ilo,0.67,9,45,0.0507411013740127,3549,9243,0.3839662447257384,0.4,0.5459,0.4742,0.2163,0.4208,0.1072,
jav,ind,0.82,1,53,0.0585307800497673,10000,9243,1.0818998160770312,0.6667,0.284,0.3638,0.3613,0.3606,0.0381,
jav,ita,0.68,4,50,0.0095207183814778,10000,9243,1.0818998160770312,1.0,0.6189,0.5615,0.3824,0.4456,0.5356,
jav,kaz,0.65,38,16,0.0009737098344693,10000,9243,1.0818998160770312,1.0,0.6667,0.5354,0.0,,0.3264,
jav,kin,0.64,45,9,0.0121172779400627,864,9243,0.0934761441090555,1.0,0.4717,0.5073,0.5641,0.5009,0.4513,
jav,kir,0.66,23,31,0.0009737098344693,10000,9243,1.0818998160770312,1.0,0.6875,0.5311,0.4407,0.5172,0.3,
jav,kur,0.66,23,31,0.0542031807854592,4006,9243,0.4334090663204587,1.0,0.625,0.5272,0.47,0.5172,0.3908,
jav,lao,0.63,51,3,0.0004327599264308,521,9243,0.0563669804176133,1.0,0.5106,0.4566,0.2163,0.4208,0.0987,
jav,mar,0.67,9,45,0.0,10000,9243,1.0818998160770312,1.0,0.6735,0.5504,0.3125,0.409,0.2134,
jav,mlt,0.65,38,16,0.0202315265606404,1390,9243,0.1503840744347073,1.0,0.6183,0.5801,0.4327,0.46,0.5308,
jav,mya,0.63,51,3,0.001081899816077,3282,9243,0.3550795196364817,1.0,0.6299,0.5322,0.4407,0.4176,0.1501,
jav,msa,0.72,2,52,0.0336470842799956,10000,9243,1.0818998160770312,1.0,0.4304,0.4374,0.3824,0.4333,1.0,
jav,nld,0.69,3,51,0.0106026181975549,10000,9243,1.0818998160770312,1.0,0.5119,0.5137,0.2804,0.4485,0.5564,
jav,nya,0.64,45,9,0.0087633885102239,237,9243,0.0256410256410256,1.0,0.4576,0.4576,,,0.4351,
jav,orm,0.65,38,16,0.0014064697609001,265,9243,0.0286703451260413,1.0,0.638,0.4714,0.5295,0.3871,1.0,
jav,pan,0.67,9,45,0.0001081899816077,7902,9243,0.8549172346640701,1.0,0.716,0.5405,0.303,0.3915,0.2522,
jav,pol,0.67,9,45,0.0129827977929243,10000,9243,1.0818998160770312,1.0,0.5422,0.5486,0.3613,0.4931,0.5103,
jav,por,0.67,9,45,0.0131991777561397,10000,9243,1.0818998160770312,1.0,0.5215,0.5023,0.303,0.4213,0.6042,
jav,ron,0.68,4,50,0.0312669046846262,10000,9243,1.0818998160770312,1.0,0.5582,0.4898,0.4717,0.4611,0.4895,
jav,rus,0.64,45,9,0.0007573298712539,10000,9243,1.0818998160770312,1.0,0.6735,0.6305,0.5,0.5242,0.3504,
jav,sna,0.66,23,31,0.0182841068917018,592,9243,0.0640484691117602,1.0,0.5231,0.5315,0.4717,0.501,0.452,
jav,som,0.65,38,16,0.0256410256410256,1246,9243,0.1348047170831981,1.0,0.5509,0.5464,0.5519,0.4438,0.366,
jav,spa,0.68,4,50,0.0110353781239857,10000,9243,1.0818998160770312,1.0,0.6082,0.5542,0.5354,0.5324,0.5942,
jav,swa,0.67,9,45,0.1000757329871254,10000,9243,1.0818998160770312,1.0,0.49,0.4892,0.4407,0.4456,1.0,
jav,swe,0.67,9,45,0.0129827977929243,10000,9243,1.0818998160770312,1.0,0.5681,0.5414,0.303,0.5072,0.5125,
jav,tam,0.66,23,31,0.0001081899816077,10000,9243,1.0818998160770312,1.0,0.7378,0.5752,0.3613,0.4456,0.1875,
jav,tel,0.68,4,50,0.0001081899816077,5991,9243,0.6481661798117494,1.0,0.723,0.5359,0.3613,0.4304,0.2001,
jav,tgk,0.66,23,31,0.0006491398896462,10000,9243,1.0818998160770312,1.0,0.625,0.625,,,0.3071,
jav,tgl,0.67,9,45,0.0439251325327274,10000,9243,1.0818998160770312,0.625,0.571,0.4955,0.303,0.4611,0.1009,
jav,tha,0.64,45,9,0.0002163799632154,10000,9243,1.0818998160770312,1.0,0.4883,0.4589,0.3613,0.4335,0.0994,
jav,tir,0.64,45,9,0.0,81,9243,0.0087633885102239,1.0,0.6591,0.5435,0.5032,0.5235,0.4043,
jav,tuk,0.66,23,31,0.0114681380504165,1152,9243,0.124634858812074,1.0,0.7125,0.7097,0.0,,0.3376,
jav,tur,0.67,9,45,0.027696635291572,10000,9243,1.0818998160770312,1.0,0.6687,0.5712,0.4327,0.4831,0.4511,
jav,ukr,0.66,23,31,0.0014064697609001,10000,9243,1.0818998160770312,1.0,0.6747,0.5671,0.3824,0.4456,0.4894,
jav,uig,0.66,23,31,0.0015146597425078,1167,9243,0.1262577085361895,1.0,0.7134,0.6527,0.0,,0.2903,
jav,uzb,0.67,9,45,0.0128746078113166,10000,9243,1.0818998160770312,1.0,0.7229,0.5718,0.5032,0.5511,1.0,
jav,vie,0.66,23,31,0.0216379963215406,10000,9243,1.0818998160770312,1.0,0.4278,0.4919,0.47,0.4973,0.1077,
jav,xho,0.63,51,3,0.0036784593746619,218,9243,0.0235854159904792,1.0,0.5342,0.5262,0.4054,0.4456,0.4641,
jav,yor,0.66,23,31,0.0795196364816618,7227,9243,0.7818889970788705,1.0,0.4208,0.4424,0.4327,0.4477,0.5953,
jav,zul,0.65,38,16,0.0089797684734393,462,9243,0.0499837715027588,1.0,0.5587,0.5682,0.5713,0.5049,0.4461,
lao,amh,0.05,12,42,0.0,2028,521,3.8925143953934738,1.0,0.6814,0.5969,0.3217,0.445,0.3502,
lao,ara,0.05,12,42,0.0,10000,521,19.19385796545105,1.0,0.67,0.7478,,,1.0,
lao,aze,0.04,32,22,0.0057581573896353,10000,521,19.19385796545105,1.0,0.6438,0.6346,0.4601,0.5745,1.0,
lao,ben,0.07,2,52,0.0,10000,521,19.19385796545105,1.0,0.6572,0.5417,0.2952,0.522,0.0878,
lao,cat,0.04,32,22,0.0019193857965451,10000,521,19.19385796545105,1.0,0.5466,0.5196,0.2163,0.4237,0.4853,
lao,ceb,0.06,5,49,0.0057581573896353,10000,521,19.19385796545105,1.0,0.6588,0.5197,0.0,0.4008,0.1156,
lao,ckb,0.05,12,42,0.0,6279,521,12.051823416506718,1.0,0.7285,0.6016,0.3918,0.5721,0.3084,
lao,deu,0.05,12,42,0.0,10000,521,19.19385796545105,1.0,0.6131,0.5342,0.4638,0.4988,0.4409,
lao,fas,0.04,32,22,0.0,10000,521,19.19385796545105,1.0,0.6423,0.6062,0.4638,0.4996,1.0,
lao,fra,0.03,47,7,0.0,10000,521,19.19385796545105,1.0,0.6176,0.588,0.3918,0.4973,0.479,
lao,hau,0.05,12,42,0.0095969289827255,1071,521,2.055662188099808,1.0,0.481,0.5283,0.3824,0.5336,0.5132,
lao,hin,0.07,2,52,0.0,10000,521,19.19385796545105,1.0,0.6111,0.592,0.3918,0.5399,0.1514,
lao,hun,0.05,12,42,0.0,10000,521,19.19385796545105,1.0,0.6538,0.6048,0.3824,0.4928,0.4161,
lao,ilo,0.05,12,42,0.0019193857965451,3549,521,6.811900191938579,1.0,0.6927,0.5554,0.0,0.3532,0.0877,
lao,ind,0.06,5,49,0.0,10000,521,19.19385796545105,1.0,0.4345,0.4307,0.2163,0.3987,0.1331,
lao,ita,0.06,5,49,0.0,10000,521,19.19385796545105,1.0,0.5527,0.5515,0.3217,0.441,0.4471,
lao,jav,0.04,32,22,0.0076775431861804,9243,521,17.740882917466408,1.0,0.5106,0.4566,0.2163,0.4208,0.0987,
lao,kaz,0.03,47,7,0.0,10000,521,19.19385796545105,1.0,0.3918,0.3333,0.0,,0.2337,
lao,kin,0.03,47,7,0.0038387715930902,864,521,1.6583493282149713,1.0,0.6774,0.5354,0.5319,0.4772,0.4221,
lao,kir,0.04,32,22,0.0019193857965451,10000,521,19.19385796545105,1.0,0.6506,0.5988,0.4638,0.6088,0.2048,
lao,kur,0.05,12,42,0.0115163147792706,4006,521,7.689059500959692,1.0,0.6383,0.5722,0.3918,0.5721,0.3081,
lao,mar,0.06,5,49,0.0,10000,521,19.19385796545105,1.0,0.7265,0.6291,0.2301,0.4997,0.1485,
lao,mlt,0.04,32,22,0.0038387715930902,1390,521,2.6679462571976966,1.0,0.6654,0.6152,0.3824,0.4617,0.4486,
lao,mya,0.03,47,7,0.0057581573896353,3282,521,6.299424184261037,1.0,0.6583,0.5711,0.2952,0.4425,0.0617,
lao,msa,0.06,5,49,0.0,10000,521,19.19385796545105,1.0,0.5327,0.5172,0.3217,0.4508,1.0,
lao,nld,0.04,32,22,0.0038387715930902,10000,521,19.19385796545105,1.0,0.6144,0.5646,0.3498,0.4711,0.4618,
lao,nya,0.05,12,42,0.0115163147792706,237,521,0.4548944337811901,1.0,0.5477,0.5477,,,0.4294,
lao,orm,0.04,32,22,0.0019193857965451,265,521,0.508637236084453,1.0,0.6393,0.4964,0.3824,0.4306,1.0,
lao,pan,0.05,12,42,0.0019193857965451,7902,521,15.166986564299426,1.0,0.6632,0.605,0.2163,0.5167,0.1661,
lao,pol,0.04,32,22,0.0,10000,521,19.19385796545105,1.0,0.5202,0.5593,0.2163,0.4918,0.4164,
lao,por,0.05,12,42,0.0019193857965451,10000,521,19.19385796545105,1.0,0.5475,0.5371,0.2163,0.4493,0.514,
lao,ron,0.04,32,22,0.0019193857965451,10000,521,19.19385796545105,1.0,0.5766,0.507,0.3824,0.4772,0.3991,
lao,rus,0.03,47,7,0.0,10000,521,19.19385796545105,1.0,0.6019,0.6317,0.4078,0.5567,0.252,
lao,sna,0.05,12,42,0.0134357005758157,592,521,1.1362763915547025,1.0,0.619,0.6002,0.4278,0.5124,0.4493,
lao,som,0.05,12,42,0.0115163147792706,1246,521,2.3915547024952017,1.0,0.6398,0.6266,0.4638,0.5582,0.3295,
lao,spa,0.04,32,22,0.0,10000,521,19.19385796545105,1.0,0.5933,0.5546,0.4601,0.5421,0.5058,
lao,swa,0.04,32,22,0.0057581573896353,10000,521,19.19385796545105,1.0,0.6419,0.5765,0.3498,0.4716,1.0,
lao,swe,0.06,5,49,0.0,10000,521,19.19385796545105,1.0,0.6148,0.582,0.3824,0.5184,0.4153,
lao,tam,0.05,12,42,0.0,10000,521,19.19385796545105,1.0,0.7897,0.6577,0.2952,0.5124,0.1424,
lao,tel,0.05,12,42,0.0,5991,521,11.499040307101726,1.0,0.7704,0.641,0.2163,0.5309,0.1379,
lao,tgk,0.05,12,42,0.0,10000,521,19.19385796545105,1.0,0.5619,0.5619,,,0.2157,
lao,tgl,0.06,5,49,0.0076775431861804,10000,521,19.19385796545105,1.0,0.6555,0.5669,0.0,0.4297,0.0928,
lao,tha,0.28,1,53,0.0,10000,521,19.19385796545105,0.0909,0.3255,0.3601,0.0,0.3924,0.0234,
lao,tir,0.02,53,1,0.0019193857965451,81,521,0.1554702495201535,1.0,0.6931,0.543,0.4638,0.4997,0.3495,
lao,tuk,0.05,12,42,0.0019193857965451,1152,521,2.2111324376199617,1.0,0.6926,0.7364,0.0,,0.2508,
lao,tur,0.05,12,42,0.0019193857965451,10000,521,19.19385796545105,1.0,0.6998,0.6367,0.4601,0.5319,0.3659,
lao,ukr,0.05,12,42,0.0,10000,521,19.19385796545105,1.0,0.5823,0.5698,0.3217,0.466,0.3978,
lao,uig,0.04,32,22,0.0,1167,521,2.2399232245681384,1.0,0.7896,0.7447,0.0,,0.1928,
lao,uzb,0.03,47,7,0.0,10000,521,19.19385796545105,1.0,0.8058,0.6325,0.4638,0.5745,1.0,
lao,vie,0.07,2,52,0.0,10000,521,19.19385796545105,1.0,0.4759,0.4591,0.3498,0.4626,0.0173,
lao,xho,0.04,32,22,0.0076775431861804,218,521,0.4184261036468329,1.0,0.6366,0.5533,0.3498,0.3824,0.4842,
lao,yor,0.05,12,42,0.0115163147792706,7227,521,13.871401151631478,1.0,0.3259,0.3565,0.2301,0.3914,0.5466,
lao,zul,0.04,32,22,0.0,462,521,0.8867562380038387,1.0,0.5964,0.5547,0.4278,0.4837,0.4578,
mar,amh,0.24,6,48,0.0005,2028,10000,0.2028,1.0,0.5441,0.5033,0.2301,0.466,0.202,
mar,ara,0.11,39,15,0.0,10000,10000,1.0,1.0,0.7036,0.6898,,,1.0,
mar,aze,0.14,31,23,0.0001,10000,10000,1.0,1.0,0.5046,0.5425,0.4078,0.6002,1.0,
mar,ben,0.37,3,51,0.0002,10000,10000,1.0,0.625,0.3173,0.3718,0.369,0.3908,0.0769,
mar,cat,0.16,24,30,0.0,10000,10000,1.0,0.9091,0.6206,0.5645,0.3125,0.4488,0.3657,
mar,ceb,0.09,44,10,0.0,10000,10000,1.0,1.0,0.703,0.6065,0.2301,0.5195,0.2627,
mar,ckb,0.21,14,40,0.0,6279,10000,0.6279,0.75,0.6647,0.5974,0.4467,0.5819,0.1807,
mar,deu,0.22,10,44,0.0,10000,10000,1.0,0.8571,0.5452,0.5479,0.5207,0.5522,0.3316,
mar,fas,0.15,27,27,0.0,10000,10000,1.0,1.0,0.5819,0.5579,0.4121,0.5342,1.0,
mar,fra,0.11,39,15,0.0,10000,10000,1.0,0.9375,0.6478,0.5973,0.4467,0.5174,0.37,
mar,hau,0.17,22,32,0.0,1071,10000,0.1071,1.0,0.6542,0.6111,0.3125,0.5648,0.3652,
mar,hin,0.56,1,53,0.054,10000,10000,1.0,0.625,0.5075,0.4799,0.4467,0.398,0.0393,
mar,hun,0.21,14,40,0.0,10000,10000,1.0,1.0,0.5556,0.5349,0.3125,0.4901,0.3035,
mar,ilo,0.15,27,27,0.0004,3549,10000,0.3549,1.0,0.7231,0.5767,0.2301,0.4571,0.2353,
mar,ind,0.27,5,49,0.0,10000,10000,1.0,1.0,0.6839,0.5935,0.3125,0.47,0.2293,
mar,ita,0.23,8,46,0.0,10000,10000,1.0,0.9,0.64,0.6024,0.2301,0.5248,0.3279,
mar,jav,0.21,14,40,0.0,9243,10000,0.9243,1.0,0.6735,0.5504,0.3125,0.409,0.2134,
mar,kaz,0.11,39,15,0.0,10000,10000,1.0,1.0,0.0,0.2677,0.5,,0.1427,
mar,kin,0.07,46,8,0.0,864,10000,0.0864,1.0,0.8151,0.619,0.5922,0.553,0.279,
mar,kir,0.22,10,44,0.0,10000,10000,1.0,1.0,0.3195,0.5393,0.5207,0.5986,0.1343,
mar,kur,0.24,6,48,0.0,4006,10000,0.4006,1.0,0.6529,0.5913,0.4467,0.5819,0.1811,
mar,lao,0.01,53,1,0.0,521,10000,0.0521,1.0,0.7265,0.6291,0.2301,0.4997,0.1485,
mar,mlt,0.06,47,7,0.0,1390,10000,0.139,1.0,0.5715,0.5671,0.3125,0.5422,0.3185,
mar,mya,0.03,49,5,0.0,3282,10000,0.3282,1.0,0.5863,0.5333,0.369,0.4475,0.092,
mar,msa,0.2,17,37,0.0,10000,10000,1.0,1.0,0.719,0.6584,0.4078,0.5324,1.0,
mar,nld,0.14,31,23,0.0,10000,10000,1.0,0.9,0.5784,0.5616,0.4121,0.5625,0.3596,
mar,nya,0.04,48,6,0.0,237,10000,0.0237,1.0,0.8114,0.8114,,,0.3013,
mar,orm,0.11,39,15,0.0,265,10000,0.0265,1.0,0.5684,0.4936,0.3125,0.4738,1.0,
mar,pan,0.36,4,50,0.0,7902,10000,0.7902,0.5714,0.444,0.4197,0.3125,0.3531,0.0674,
mar,pol,0.15,27,27,0.0,10000,10000,1.0,0.8333,0.5473,0.5573,0.3125,0.5464,0.3134,
mar,por,0.13,34,20,0.0,10000,10000,1.0,0.9333,0.6106,0.5762,0.3125,0.4726,0.3968,
mar,ron,0.17,22,32,0.0002,10000,10000,1.0,0.8889,0.6599,0.5354,0.3125,0.4744,0.2859,
mar,rus,0.03,49,5,0.0,10000,10000,1.0,0.8,0.5668,0.5713,0.3445,0.6018,0.2008,
mar,sna,0.13,34,20,0.0,592,10000,0.0592,1.0,0.6986,0.6554,0.4909,0.5638,0.3223,
mar,som,0.09,44,10,0.0,1246,10000,0.1246,1.0,0.5458,0.4952,0.4121,0.4513,0.1861,
mar,spa,0.2,17,37,0.0,10000,10000,1.0,0.9231,0.6599,0.5823,0.4078,0.5499,0.3852,
mar,swa,0.18,20,34,0.0005,10000,10000,1.0,1.0,0.6955,0.6436,0.4121,0.5469,1.0,
mar,swe,0.16,24,30,0.0,10000,10000,1.0,0.8571,0.593,0.5866,0.4544,0.5352,0.3294,
mar,tam,0.22,10,44,0.0,10000,10000,1.0,1.0,0.5319,0.4624,0.369,0.3687,0.0428,
mar,tel,0.38,2,52,0.0,5991,10000,0.5991,1.0,0.46,0.4093,0.3125,0.3556,0.0136,
mar,tgk,0.15,27,27,0.0,10000,10000,1.0,0.8,0.6509,0.6509,,,0.1225,
mar,tgl,0.16,24,30,0.0001,10000,10000,1.0,1.0,0.6618,0.5797,0.2301,0.4531,0.2412,
mar,tha,0.11,39,15,0.0003,10000,10000,1.0,1.0,0.7543,0.6058,0.2301,0.3767,0.1297,
mar,tir,0.02,52,2,0.0,81,10000,0.0081,1.0,0.551,0.5269,0.4121,0.5354,0.2011,
mar,tuk,0.19,19,35,0.0001,1152,10000,0.1152,1.0,0.5007,0.5268,0.5,,0.1364,
mar,tur,0.22,10,44,0.0,10000,10000,1.0,1.0,0.5718,0.5568,0.4078,0.5638,0.2421,
mar,ukr,0.23,8,46,0.0,10000,10000,1.0,0.8333,0.5854,0.5618,0.2301,0.5248,0.2881,
mar,uig,0.12,37,17,0.0,1167,10000,0.1167,1.0,0.357,0.375,0.5,,0.1437,
mar,uzb,0.13,34,20,0.0,10000,10000,1.0,1.0,0.5284,0.5422,0.5207,0.5472,1.0,
mar,vie,0.14,31,23,0.0001,10000,10000,1.0,1.0,0.7874,0.6663,0.4121,0.5383,0.1587,
mar,xho,0.03,49,5,0.0,218,10000,0.0218,1.0,0.7264,0.6286,0.4121,0.5351,0.3758,
mar,yor,0.18,20,34,0.0005,7227,10000,0.7227,1.0,0.841,0.5773,0.0,0.4407,0.3982,
mar,zul,0.12,37,17,0.0,462,10000,0.0462,1.0,0.6961,0.6128,0.369,0.5774,0.3432,
pan,amh,0.26,5,49,0.0,2028,7902,0.2566438876233865,1.0,0.528,0.5156,0.2163,0.5241,0.212,
pan,ara,0.05,44,10,0.0,10000,7902,1.2655024044545684,1.0,0.673,0.6167,,,1.0,
pan,aze,0.16,14,40,0.0,10000,7902,1.2655024044545684,1.0,0.512,0.5314,0.3824,0.5604,1.0,
pan,ben,0.29,4,50,0.0,10000,7902,1.2655024044545684,0.625,0.409,0.3475,0.2048,0.3369,0.0784,
pan,cat,0.12,26,28,0.0001265502404454,10000,7902,1.2655024044545684,0.9091,0.5617,0.5225,0.0,0.4574,0.322,
pan,ceb,0.05,44,10,0.0,10000,7902,1.2655024044545684,1.0,0.7274,0.6142,0.2163,0.5457,0.2796,
pan,ckb,0.16,14,40,0.0,6279,7902,0.7946089597570235,0.75,0.6735,0.571,0.3333,0.5465,0.1422,
pan,deu,0.14,19,35,0.0,10000,7902,1.2655024044545684,0.8571,0.518,0.5114,0.4054,0.5228,0.2816,
pan,fas,0.13,21,33,0.0,10000,7902,1.2655024044545684,1.0,0.5335,0.5292,0.4054,0.5479,1.0,
pan,fra,0.09,36,18,0.0,10000,7902,1.2655024044545684,0.9375,0.639,0.5619,0.3333,0.4609,0.3204,
pan,hau,0.18,8,46,0.0001265502404454,1071,7902,0.1355353075170842,1.0,0.6192,0.5843,0.303,0.562,0.3584,
pan,hin,0.49,1,53,0.0,10000,7902,1.2655024044545684,0.625,0.4009,0.3973,0.3333,0.3253,0.0287,
pan,hun,0.1,32,22,0.0,10000,7902,1.2655024044545684,1.0,0.5316,0.5152,0.303,0.4758,0.2549,
pan,ilo,0.07,41,13,0.0001265502404454,3549,7902,0.4491268033409264,1.0,0.6716,0.567,0.2163,0.4987,0.2429,
pan,ind,0.2,7,47,0.0,10000,7902,1.2655024044545684,1.0,0.6372,0.5551,0.0,0.4715,0.2758,
pan,ita,0.15,16,38,0.0,10000,7902,1.2655024044545684,0.9,0.5535,0.5483,0.2163,0.5192,0.2836,
pan,jav,0.12,26,28,0.0001265502404454,9243,7902,1.1697038724373576,1.0,0.716,0.5405,0.303,0.3915,0.2522,
pan,kaz,0.11,31,23,0.0,10000,7902,1.2655024044545684,1.0,0.0,0.0,0.0,,0.0793,
pan,kin,0.03,49,5,0.0001265502404454,864,7902,0.1093394077448747,1.0,0.8211,0.5888,0.4717,0.5311,0.3002,
pan,kir,0.17,10,44,0.0,10000,7902,1.2655024044545684,1.0,0.4093,0.4938,0.4054,0.5306,0.0669,
pan,kur,0.15,16,38,0.0001265502404454,4006,7902,0.5069602632245002,1.0,0.6656,0.5653,0.3333,0.5465,0.142,
pan,lao,0.01,53,1,0.0001265502404454,521,7902,0.065932675272083,1.0,0.6632,0.605,0.2163,0.5167,0.1661,
pan,mar,0.35,3,51,0.0,10000,7902,1.2655024044545684,0.5714,0.444,0.4197,0.3125,0.3531,0.0674,
pan,mlt,0.08,37,17,0.0001265502404454,1390,7902,0.175904834219185,1.0,0.5936,0.5583,0.303,0.5681,0.2826,
pan,mya,0.03,49,5,0.0,3282,7902,0.4153378891419894,1.0,0.6551,0.5669,0.2048,0.4423,0.105,
pan,msa,0.18,8,46,0.0,10000,7902,1.2655024044545684,1.0,0.735,0.6342,0.2163,0.509,1.0,
pan,nld,0.13,21,33,0.0,10000,7902,1.2655024044545684,0.9,0.5866,0.5317,0.2804,0.4873,0.3066,
pan,nya,0.04,47,7,0.0001265502404454,237,7902,0.0299924069855732,1.0,0.7222,0.7222,,,0.3386,
pan,orm,0.08,37,17,0.0,265,7902,0.033535813718046,1.0,0.5291,0.4784,0.303,0.4727,1.0,
pan,pol,0.12,26,28,0.0,10000,7902,1.2655024044545684,0.8333,0.5294,0.5272,0.0,0.5412,0.26,
pan,por,0.07,41,13,0.0,10000,7902,1.2655024044545684,0.9333,0.5278,0.5128,0.0,0.4629,0.352,
pan,ron,0.13,21,33,0.0,10000,7902,1.2655024044545684,0.8889,0.5833,0.5353,0.303,0.5311,0.2374,
pan,rus,0.05,44,10,0.0,10000,7902,1.2655024044545684,0.8,0.566,0.5647,0.3125,0.5856,0.1333,
pan,sna,0.14,19,35,0.0001265502404454,592,7902,0.0749177423437104,1.0,0.7112,0.6134,0.3613,0.5169,0.3595,
pan,som,0.04,47,7,0.0001265502404454,1246,7902,0.1576815995950392,1.0,0.5176,0.4709,0.4054,0.4674,0.2127,
pan,spa,0.15,16,38,0.0,10000,7902,1.2655024044545684,0.9231,0.5569,0.5454,0.3824,0.5577,0.3423,
pan,swa,0.08,37,17,0.0,10000,7902,1.2655024044545684,1.0,0.6539,0.5887,0.2804,0.5008,1.0,
pan,swe,0.1,32,22,0.0,10000,7902,1.2655024044545684,0.8571,0.6156,0.5763,0.303,0.5228,0.2699,
pan,tam,0.21,6,48,0.0,10000,7902,1.2655024044545684,1.0,0.5782,0.4937,0.2048,0.4131,0.1096,
pan,tel,0.46,2,52,0.0,5991,7902,0.7581624905087321,1.0,0.5091,0.4082,0.0,0.2687,0.077,
pan,tgk,0.13,21,33,0.0,10000,7902,1.2655024044545684,0.8,0.6445,0.6445,,,0.0586,
pan,tgl,0.1,32,22,0.0,10000,7902,1.2655024044545684,1.0,0.6368,0.5629,0.2163,0.4781,0.2513,
pan,tha,0.07,41,13,0.0001265502404454,10000,7902,1.2655024044545684,1.0,0.7254,0.5966,0.2163,0.4365,0.1553,
pan,tir,0.02,52,2,0.0,81,7902,0.010250569476082,1.0,0.5489,0.5585,0.4054,0.5825,0.2041,
pan,tuk,0.17,10,44,0.0,1152,7902,0.1457858769931662,1.0,0.5713,0.5644,0.0,,0.0856,
pan,tur,0.13,21,33,0.0,10000,7902,1.2655024044545684,1.0,0.5931,0.5583,0.3824,0.548,0.2004,
pan,ukr,0.17,10,44,0.0,10000,7902,1.2655024044545684,0.8333,0.5579,0.5229,0.2163,0.5008,0.2376,
pan,uig,0.12,26,28,0.0,1167,7902,0.1476841305998481,1.0,0.4938,0.4737,0.0,,0.0779,
pan,uzb,0.17,10,44,0.0,10000,7902,1.2655024044545684,1.0,0.5358,0.549,0.4054,0.5762,1.0,
pan,vie,0.1,32,22,0.0,10000,7902,1.2655024044545684,1.0,0.7525,0.6274,0.2804,0.4699,0.1696,
pan,xho,0.03,49,5,0.0001265502404454,218,7902,0.0275879524171095,1.0,0.7236,0.5845,0.2804,0.5008,0.4222,
pan,yor,0.08,37,17,0.0001265502404454,7227,7902,0.9145785876993168,1.0,0.7488,0.5722,0.3125,0.4832,0.3937,
pan,zul,0.12,26,28,0.0,462,7902,0.058466211085801,1.0,0.6881,0.5898,0.3613,0.5342,0.3877,
tel,amh,0.22,6,48,0.00016691704223,2028,5991,0.3385077616424637,1.0,0.4738,0.4823,0.3277,0.5211,0.2123,
tel,ara,0.06,45,9,0.0,10000,5991,1.669170422300117,1.0,0.7068,0.6638,,,1.0,
tel,aze,0.16,15,39,0.0,10000,5991,1.669170422300117,1.0,0.5406,0.5163,0.3824,0.5727,1.0,
tel,ben,0.3,5,49,0.0,10000,5991,1.669170422300117,1.0,0.5019,0.3596,0.2566,0.3198,0.0722,
tel,cat,0.14,25,29,0.0,10000,5991,1.669170422300117,1.0,0.6449,0.5449,0.0,0.4565,0.3793,
tel,ceb,0.08,40,14,0.0,10000,5991,1.669170422300117,1.0,0.7061,0.595,0.2163,0.5587,0.2512,
tel,ckb,0.18,9,45,0.00016691704223,6279,5991,1.0480721081622433,1.0,0.6206,0.5567,0.3064,0.5743,0.1943,
tel,deu,0.15,21,33,0.0,10000,5991,1.669170422300117,1.0,0.5962,0.5375,0.3695,0.5367,0.345,
tel,fas,0.14,25,29,0.0,10000,5991,1.669170422300117,1.0,0.6187,0.5535,0.3695,0.5447,1.0,
tel,fra,0.09,39,15,0.0,10000,5991,1.669170422300117,1.0,0.7226,0.5772,0.3064,0.4777,0.3834,
tel,hau,0.16,15,39,0.0,1071,5991,0.1787681522283425,1.0,0.7133,0.6049,0.3695,0.5594,0.3767,
tel,hin,0.47,1,53,0.0,10000,5991,1.669170422300117,1.0,0.5545,0.4383,0.3064,0.3131,0.0483,
tel,hun,0.12,32,22,0.0,10000,5991,1.669170422300117,1.0,0.5489,0.4952,0.2736,0.4744,0.317,
tel,ilo,0.13,29,25,0.00016691704223,3549,5991,0.5923885828743115,1.0,0.6645,0.5289,0.2163,0.496,0.2252,
tel,ind,0.19,7,47,0.0,10000,5991,1.669170422300117,1.0,0.7452,0.5908,0.0,0.4878,0.2157,
tel,ita,0.15,21,33,0.0,10000,5991,1.669170422300117,1.0,0.631,0.5623,0.2163,0.5157,0.3414,
tel,jav,0.18,9,45,0.00016691704223,9243,5991,1.5428142213319982,1.0,0.723,0.5359,0.3613,0.4304,0.2001,
tel,kaz,0.12,32,22,0.0,10000,5991,1.669170422300117,1.0,0.0,0.0,0.0,,0.1541,
tel,kin,0.05,47,7,0.0,864,5991,0.1442163244867301,1.0,0.718,0.5523,0.4717,0.5114,0.2869,
tel,kir,0.17,12,42,0.0,10000,5991,1.669170422300117,1.0,0.3195,0.4862,0.3695,0.5442,0.1437,
tel,kur,0.17,12,42,0.0,4006,5991,0.6686696711734268,1.0,0.5903,0.5484,0.3064,0.5743,0.1947,
tel,lao,0.01,52,2,0.0,521,5991,0.086963779001836,1.0,0.7704,0.641,0.2163,0.5309,0.1379,
tel,mar,0.36,3,51,0.0,10000,5991,1.669170422300117,1.0,0.46,0.4093,0.3125,0.3556,0.0136,
tel,mlt,0.08,40,14,0.0,1390,5991,0.2320146886997162,1.0,0.5814,0.548,0.303,0.5629,0.332,
tel,mya,0.01,52,2,0.0,3282,5991,0.5478217325988983,1.0,0.5779,0.4962,0.2566,0.4426,0.0839,
tel,msa,0.19,7,47,0.0,10000,5991,1.669170422300117,1.0,0.7337,0.6226,0.2163,0.5235,1.0,
tel,nld,0.11,35,19,0.0,10000,5991,1.669170422300117,1.0,0.6219,0.561,0.2804,0.518,0.3729,
tel,nya,0.03,49,5,0.0,237,5991,0.0395593390085127,1.0,0.8806,0.8806,,,0.3058,
tel,orm,0.08,40,14,0.0,265,5991,0.044233016190953,1.0,0.5342,0.503,0.3695,0.5075,1.0,
tel,pan,0.44,2,52,0.0,7902,5991,1.3189784677015524,1.0,0.5091,0.4082,0.0,0.2687,0.077,
tel,pol,0.13,29,25,0.0,10000,5991,1.669170422300117,1.0,0.5686,0.5373,0.0,0.5379,0.3266,
tel,por,0.1,37,17,0.0,10000,5991,1.669170422300117,1.0,0.6183,0.535,0.0,0.4797,0.4104,
tel,ron,0.16,15,39,0.0,10000,5991,1.669170422300117,1.0,0.6994,0.5581,0.2871,0.5114,0.2994,
tel,rus,0.04,48,6,0.0,10000,5991,1.669170422300117,1.0,0.6066,0.5578,0.2804,0.5801,0.2099,
tel,sna,0.15,21,33,0.0,592,5991,0.0988148890001669,1.0,0.7101,0.5977,0.3613,0.5311,0.3267,
tel,som,0.06,45,9,0.0,1246,5991,0.2079786346185945,1.0,0.5892,0.4968,0.4034,0.4681,0.1939,
tel,spa,0.18,9,45,0.0,10000,5991,1.669170422300117,1.0,0.688,0.5885,0.3433,0.5702,0.3988,
tel,swa,0.12,32,22,0.00016691704223,10000,5991,1.669170422300117,1.0,0.7238,0.6002,0.3277,0.5311,1.0,
tel,swe,0.08,40,14,0.0,10000,5991,1.669170422300117,1.0,0.6524,0.569,0.303,0.4904,0.342,
tel,tam,0.33,4,50,0.00016691704223,10000,5991,1.669170422300117,0.9091,0.3698,0.3928,0.2048,0.4327,0.033,
tel,tgk,0.16,15,39,0.0,10000,5991,1.669170422300117,1.0,0.6111,0.6111,,,0.1337,
tel,tgl,0.16,15,39,0.0,10000,5991,1.669170422300117,1.0,0.7003,0.5647,0.195,0.4763,0.2307,
tel,tha,0.07,44,10,0.0,10000,5991,1.669170422300117,1.0,0.7837,0.5969,0.2736,0.4364,0.1183,
tel,tir,0.02,51,3,0.0,81,5991,0.0135202804206309,1.0,0.4359,0.5371,0.4054,0.5796,0.2123,
tel,tuk,0.16,15,39,0.00016691704223,1152,5991,0.1922884326489734,1.0,0.4933,0.4391,0.0,,0.1494,
tel,tur,0.14,25,29,0.0,10000,5991,1.669170422300117,1.0,0.5513,0.5074,0.3433,0.5461,0.2557,
tel,ukr,0.17,12,42,0.0,10000,5991,1.669170422300117,1.0,0.6031,0.5376,0.2163,0.5157,0.3014,
tel,uig,0.15,21,33,0.0,1167,5991,0.1947921882824236,1.0,0.0,0.1927,0.5354,,0.1513,
tel,uzb,0.14,25,29,0.0,10000,5991,1.669170422300117,1.0,0.2352,0.4893,0.4054,0.5727,1.0,
tel,vie,0.1,37,17,0.0,10000,5991,1.669170422300117,1.0,0.8143,0.6348,0.3064,0.5158,0.149,
tel,xho,0.03,49,5,0.0,218,5991,0.0363879152061425,1.0,0.7594,0.5927,0.2804,0.5319,0.3776,
tel,yor,0.11,35,19,0.00016691704223,7227,5991,1.2063094641962944,1.0,0.887,0.6048,0.4054,0.4798,0.4093,
tel,zul,0.13,29,25,0.0,462,5991,0.0771156735102654,1.0,0.7247,0.5914,0.432,0.5309,0.3457,
tir,amh,0.63,1,53,0.382716049382716,2028,81,25.03703703703704,0.5,0.4174,0.4002,0.3498,0.3973,0.0204,
tir,ara,0.24,37,17,0.0,10000,81,123.45679012345678,1.0,0.6902,0.6902,,,1.0,
tir,aze,0.37,10,44,0.0123456790123456,10000,81,123.45679012345678,1.0,0.3217,0.4976,0.4638,0.5287,1.0,
tir,ben,0.39,4,50,0.0,10000,81,123.45679012345678,1.0,0.4918,0.5427,0.3433,0.5877,0.2701,
tir,cat,0.23,39,15,0.0,10000,81,123.45679012345678,1.0,0.6279,0.5155,0.4054,0.4901,0.2248,
tir,ceb,0.28,29,25,0.0123456790123456,10000,81,123.45679012345678,1.0,0.6614,0.5421,0.4638,0.5195,0.4635,
tir,ckb,0.33,14,40,0.0,6279,81,77.51851851851852,1.0,0.5795,0.4231,0.1864,0.4096,0.1179,
tir,deu,0.26,33,21,0.0,10000,81,123.45679012345678,1.0,0.4899,0.4951,0.4816,0.4997,0.2208,
tir,fas,0.24,37,17,0.0,10000,81,123.45679012345678,1.0,0.5064,0.4439,0.2736,0.4531,1.0,
tir,fra,0.21,41,13,0.0,10000,81,123.45679012345678,1.0,0.5495,0.5031,0.427,0.5,0.2476,
tir,hau,0.29,26,28,0.0,1071,81,13.22222222222222,0.8333,0.6063,0.5239,0.4054,0.511,0.1645,
tir,hin,0.42,3,51,0.0,10000,81,123.45679012345678,1.0,0.5319,0.5123,0.3277,0.5302,0.2049,
tir,hun,0.26,33,21,0.0,10000,81,123.45679012345678,1.0,0.5348,0.4692,0.4054,0.4488,0.1967,
tir,ilo,0.31,19,35,0.0,3549,81,43.814814814814824,1.0,0.631,0.5472,0.4638,0.5396,0.4357,
tir,ind,0.36,12,42,0.0,10000,81,123.45679012345678,1.0,0.7349,0.5293,0.4054,0.47,0.4093,
tir,ita,0.33,14,40,0.0,10000,81,123.45679012345678,1.0,0.5879,0.4895,0.3498,0.4608,0.1981,
tir,jav,0.28,29,25,0.0,9243,81,114.11111111111111,1.0,0.6591,0.5435,0.5032,0.5235,0.4043,
tir,kaz,0.22,40,14,0.0,10000,81,123.45679012345678,1.0,0.0,0.2677,0.5,,0.1955,
tir,kin,0.29,26,28,0.0,864,81,10.666666666666666,1.0,0.5348,0.4803,0.5348,0.4531,0.1069,
tir,kir,0.31,19,35,0.0,10000,81,123.45679012345678,1.0,0.39,0.5146,0.39,0.5648,0.2235,
tir,kur,0.38,7,47,0.0,4006,81,49.45679012345679,1.0,0.5303,0.4122,0.1864,0.4096,0.1199,
tir,lao,0.02,53,1,0.0123456790123456,521,81,6.432098765432099,1.0,0.6931,0.543,0.4638,0.4997,0.3495,
tir,mar,0.39,4,50,0.0,10000,81,123.45679012345678,1.0,0.551,0.5269,0.4121,0.5354,0.2011,
tir,mlt,0.16,45,9,0.0,1390,81,17.160493827160494,0.625,0.5,0.402,0.2804,0.4042,0.1666,
tir,mya,0.07,52,2,0.0123456790123456,3282,81,40.518518518518526,1.0,0.6351,0.5426,0.4477,0.5236,0.291,
tir,msa,0.32,18,36,0.0,10000,81,123.45679012345678,1.0,0.6648,0.5039,0.4638,0.47,1.0,
tir,nld,0.19,43,11,0.0,10000,81,123.45679012345678,1.0,0.4315,0.4548,0.39,0.4757,0.2527,
tir,nya,0.1,49,5,0.0,237,81,2.9259259259259265,1.0,0.7479,0.7479,,,0.1708,
tir,orm,0.43,2,52,0.0,265,81,3.271604938271605,1.0,0.6279,0.4782,0.4054,0.4273,1.0,
tir,pan,0.37,10,44,0.0,7902,81,97.55555555555556,1.0,0.5489,0.5585,0.4054,0.5825,0.2041,
tir,pol,0.27,32,22,0.0,10000,81,123.45679012345678,1.0,0.5468,0.5078,0.4054,0.5074,0.2219,
tir,por,0.26,33,21,0.0,10000,81,123.45679012345678,1.0,0.5641,0.4889,0.4054,0.4726,0.2532,
tir,ron,0.39,4,50,0.0,10000,81,123.45679012345678,1.0,0.6746,0.4676,0.2804,0.3834,0.1855,
tir,rus,0.21,41,13,0.0,10000,81,123.45679012345678,1.0,0.5641,0.5342,0.4121,0.5422,0.2587,
tir,sna,0.33,14,40,0.0123456790123456,592,81,7.308641975308643,1.0,0.6936,0.5624,0.5348,0.5295,0.1877,
tir,som,0.16,45,9,0.0,1246,81,15.382716049382717,0.8889,0.5778,0.4883,0.0,0.5058,0.0678,
tir,spa,0.28,29,25,0.0,10000,81,123.45679012345678,1.0,0.5931,0.551,0.4638,0.5499,0.2379,
tir,swa,0.3,22,32,0.0,10000,81,123.45679012345678,1.0,0.5807,0.5242,0.4816,0.5117,1.0,
tir,swe,0.13,47,7,0.0,10000,81,123.45679012345678,1.0,0.5784,0.5954,0.5032,0.617,0.2621,
tir,tam,0.3,22,32,0.0,10000,81,123.45679012345678,1.0,0.3824,0.5011,0.4477,0.5469,0.2174,
tir,tel,0.31,19,35,0.0,5991,81,73.96296296296295,1.0,0.4359,0.5371,0.4054,0.5796,0.2123,
tir,tgk,0.26,33,21,0.0,10000,81,123.45679012345678,1.0,0.4779,0.4779,,,0.1946,
tir,tgl,0.38,7,47,0.0123456790123456,10000,81,123.45679012345678,1.0,0.6763,0.5508,0.4638,0.5148,0.442,
tir,tha,0.1,49,5,0.0,10000,81,123.45679012345678,1.0,0.7506,0.5609,0.4638,0.5043,0.3306,
tir,tuk,0.34,13,41,0.0,1152,81,14.22222222222222,1.0,0.39,0.409,0.5,,0.1567,
tir,tur,0.38,7,47,0.0,10000,81,123.45679012345678,1.0,0.543,0.5281,0.4638,0.5295,0.1394,
tir,ukr,0.19,43,11,0.0,10000,81,123.45679012345678,1.0,0.5814,0.4953,0.3498,0.4829,0.1942,
tir,uig,0.3,22,32,0.0,1167,81,14.407407407407408,1.0,0.4587,0.4667,0.5,,0.2485,
tir,uzb,0.33,14,40,0.0,10000,81,123.45679012345678,1.0,0.3548,0.4797,0.39,0.5287,1.0,
tir,vie,0.11,48,6,0.0,10000,81,123.45679012345678,1.0,0.7061,0.5281,0.39,0.4881,0.3589,
tir,xho,0.09,51,3,0.0,218,81,2.6913580246913575,1.0,0.6126,0.5002,0.4816,0.4571,0.2641,
tir,yor,0.29,26,28,0.0,7227,81,89.22222222222223,1.0,0.7811,0.5553,0.4121,0.4867,0.1971,
tir,zul,0.3,22,32,0.0,462,81,5.703703703703702,1.0,0.6183,0.5385,0.4477,0.5199,0.2296,
ukr,amh,0.18,28,26,0.0,2028,10000,0.2028,1.0,0.5454,0.4946,0.0,0.4249,0.2145,
ukr,ara,0.1,43,11,0.0,10000,10000,1.0,1.0,0.5614,0.5246,,,1.0,
ukr,aze,0.35,2,52,0.0015,10000,10000,1.0,1.0,0.626,0.5273,0.3217,0.4981,1.0,
ukr,ben,0.26,17,37,0.0,10000,10000,1.0,0.875,0.5779,0.526,0.2952,0.5256,0.3128,
ukr,cat,0.24,22,32,0.0005,10000,10000,1.0,0.9091,0.4798,0.4313,0.2163,0.4021,0.0892,
ukr,ceb,0.1,43,11,0.0,10000,10000,1.0,1.0,0.625,0.5602,0.3217,0.4692,0.5018,
ukr,ckb,0.25,19,35,0.0,6279,10000,0.6279,0.875,0.7105,0.5532,0.3918,0.4531,0.1119,
ukr,deu,0.25,19,35,0.0002,10000,10000,1.0,0.8571,0.4336,0.4539,0.4638,0.4605,0.044,
ukr,fas,0.2,26,28,0.0,10000,10000,1.0,1.0,0.6052,0.5221,0.3498,0.4086,1.0,
ukr,fra,0.24,22,32,0.0003,10000,10000,1.0,0.9375,0.478,0.4651,0.3918,0.4596,0.0828,
ukr,hau,0.17,32,22,0.0,1071,10000,0.1071,1.0,0.547,0.5273,0.2163,0.4975,0.2181,
ukr,hin,0.29,7,47,0.0,10000,10000,1.0,0.875,0.4932,0.5096,0.3918,0.5252,0.2611,
ukr,hun,0.24,22,32,0.0007,10000,10000,1.0,1.0,0.5303,0.4764,0.2163,0.4021,0.0191,
ukr,ilo,0.12,38,16,0.0,3549,10000,0.3549,1.0,0.6188,0.5145,0.3217,0.4148,0.4582,
ukr,ind,0.28,10,44,0.0008,10000,10000,1.0,1.0,0.5263,0.5086,0.2163,0.404,0.5131,
ukr,ita,0.24,22,32,0.0003,10000,10000,1.0,0.9,0.4617,0.4151,0.0,0.3926,0.0537,
ukr,jav,0.16,35,19,0.0013,9243,10000,0.9243,1.0,0.6747,0.5671,0.3824,0.4456,0.4894,
ukr,kaz,0.34,3,51,0.0143,10000,10000,1.0,1.0,0.5804,0.5765,0.5,,0.1641,
ukr,kin,0.05,49,5,0.0,864,10000,0.0864,1.0,0.5862,0.509,0.5319,0.4592,0.2775,
ukr,kir,0.32,5,49,0.0063,10000,10000,1.0,1.0,0.6044,0.5504,0.4638,0.539,0.1941,
ukr,kur,0.18,28,26,0.0004,4006,10000,0.4006,1.0,0.6072,0.5097,0.3918,0.4531,0.1109,
ukr,lao,0.03,53,1,0.0,521,10000,0.0521,1.0,0.5823,0.5698,0.3217,0.466,0.3978,
ukr,mar,0.29,7,47,0.0,10000,10000,1.0,0.8571,0.5854,0.5618,0.2301,0.5248,0.2881,
ukr,mlt,0.1,43,11,0.0001,1390,10000,0.139,1.0,0.4345,0.4171,0.2163,0.4147,0.0795,
ukr,mya,0.04,51,3,0.0001,3282,10000,0.3282,1.0,0.6888,0.5749,0.2952,0.4682,0.3399,
ukr,msa,0.28,10,44,0.0005,10000,10000,1.0,1.0,0.5565,0.5531,0.3217,0.4312,1.0,
ukr,nld,0.28,10,44,0.0003,10000,10000,1.0,0.9,0.5118,0.4943,0.3498,0.4527,0.0721,
ukr,nya,0.06,48,6,0.0,237,10000,0.0237,1.0,0.5787,0.5787,,,0.3524,
ukr,orm,0.09,46,8,0.0,265,10000,0.0265,1.0,0.572,0.4454,0.2163,0.3804,1.0,
ukr,pan,0.27,15,39,0.0,7902,10000,0.7902,0.8571,0.5579,0.5229,0.2163,0.5008,0.2376,
ukr,pol,0.33,4,50,0.0003,10000,10000,1.0,0.5,0.453,0.4564,0.2163,0.4504,0.029,
ukr,por,0.17,32,22,0.0005,10000,10000,1.0,0.9333,0.4149,0.3896,0.2163,0.4048,0.1164,
ukr,ron,0.28,10,44,0.0005,10000,10000,1.0,0.8889,0.4032,0.3631,0.2163,0.3519,0.0099,
ukr,rus,0.42,1,53,0.0047,10000,10000,1.0,0.2,0.3818,0.3871,0.2301,0.385,0.1673,
ukr,sna,0.12,38,16,0.0,592,10000,0.0592,1.0,0.6721,0.5927,0.4278,0.4752,0.3642,
ukr,som,0.09,46,8,0.0003,1246,10000,0.1246,1.0,0.5291,0.5159,0.3498,0.5256,0.2605,
ukr,spa,0.25,19,35,0.0006,10000,10000,1.0,0.9231,0.3926,0.4544,0.3217,0.5275,0.1095,
ukr,swa,0.15,36,18,0.0003,10000,10000,1.0,1.0,0.6424,0.5647,0.3498,0.4304,1.0,
ukr,swe,0.28,10,44,0.0006,10000,10000,1.0,0.8571,0.515,0.5151,0.3824,0.5227,0.0684,
ukr,tam,0.17,32,22,0.0,10000,10000,1.0,1.0,0.6704,0.589,0.2952,0.5559,0.3269,
ukr,tel,0.26,17,37,0.0,5991,10000,0.5991,1.0,0.6031,0.5376,0.2163,0.5157,0.3014,
ukr,tgk,0.27,15,39,0.0012,10000,10000,1.0,0.9,0.5932,0.5932,,,0.1826,
ukr,tgl,0.18,28,26,0.0007,10000,10000,1.0,1.0,0.5225,0.5224,0.3217,0.4828,0.4687,
ukr,tha,0.11,42,12,0.0001,10000,10000,1.0,1.0,0.6148,0.569,0.3217,0.4683,0.3909,
ukr,tir,0.04,51,3,0.0,81,10000,0.0081,1.0,0.5814,0.4953,0.3498,0.4829,0.1942,
ukr,tuk,0.18,28,26,0.0,1152,10000,0.1152,1.0,0.6739,0.6037,0.5,,0.1533,
ukr,tur,0.3,6,48,0.001,10000,10000,1.0,1.0,0.6417,0.5496,0.3217,0.4752,0.0572,
ukr,uig,0.12,38,16,0.0,1167,10000,0.1167,1.0,0.597,0.5952,0.5,,0.2107,
ukr,uzb,0.29,7,47,0.0,10000,10000,1.0,1.0,0.614,0.5747,0.4638,0.5613,1.0,
ukr,vie,0.19,27,27,0.0005,10000,10000,1.0,1.0,0.6233,0.5942,0.3498,0.4844,0.3966,
ukr,xho,0.05,49,5,0.0002,218,10000,0.0218,1.0,0.6535,0.5153,0.3498,0.4118,0.4405,
ukr,yor,0.14,37,17,0.0001,7227,10000,0.7227,1.0,0.6108,0.4688,0.2301,0.3673,0.248,
ukr,zul,0.12,38,16,0.0001,462,10000,0.0462,1.0,0.6014,0.5149,0.2952,0.441,0.4098,
uig,amh,0.21,14,40,0.0,2028,1167,1.737789203084833,1.0,0.373,0.3881,0.4601,,0.2615,
uig,ara,0.12,40,14,0.0,10000,1167,8.56898029134533,1.0,0.7125,0.7125,,,1.0,
uig,aze,0.29,2,52,0.0068551842330762,10000,1167,8.56898029134533,1.0,0.3433,0.3729,0.5,,1.0,
uig,ben,0.21,14,40,0.0,10000,1167,8.56898029134533,1.0,0.5126,0.5127,0.5,,0.1188,
uig,cat,0.2,18,36,0.0,10000,1167,8.56898029134533,1.0,0.7566,0.729,0.5354,,0.2999,
uig,ceb,0.17,30,24,0.0,10000,1167,8.56898029134533,1.0,0.6946,0.6419,0.0,,0.2911,
uig,ckb,0.2,18,36,0.0025706940874035,6279,1167,5.3804627249357315,1.0,0.6215,0.5964,0.3918,,0.1506,
uig,deu,0.19,22,32,0.0,10000,1167,8.56898029134533,1.0,0.5603,0.5459,0.3918,,0.2519,
uig,fas,0.15,37,17,0.0,10000,1167,8.56898029134533,1.0,0.5897,0.5971,0.6667,,1.0,
uig,fra,0.16,33,21,0.0,10000,1167,8.56898029134533,1.0,0.6663,0.6432,0.3918,,0.2888,
uig,hau,0.16,33,21,0.0085689802913453,1071,1167,0.9177377892030848,1.0,0.7377,0.7438,0.7837,,0.3811,
uig,hin,0.24,4,50,0.0,10000,1167,8.56898029134533,1.0,0.4346,0.4309,0.3918,,0.1045,
uig,hun,0.19,22,32,0.001713796058269,10000,1167,8.56898029134533,1.0,0.4909,0.5061,0.6667,,0.2298,
uig,ilo,0.18,28,26,0.0085689802913453,3549,1167,3.041131105398457,1.0,0.736,0.6774,0.0,,0.2475,
uig,ind,0.22,8,46,0.0042844901456726,10000,1167,8.56898029134533,1.0,0.7781,0.7497,0.5,,0.3209,
uig,ita,0.19,22,32,0.0,10000,1167,8.56898029134533,1.0,0.6679,0.6622,0.5,,0.2633,
uig,jav,0.19,22,32,0.0119965724078834,9243,1167,7.920308483290489,1.0,0.7134,0.6527,0.0,,0.2903,
uig,kaz,0.18,28,26,0.0,10000,1167,8.56898029134533,0.5714,0.0,0.0,0.0,,0.0578,
uig,kin,0.12,40,14,0.0051413881748071,864,1167,0.7403598971722365,1.0,0.7837,0.718,0.0,,0.3533,
uig,kir,0.22,8,46,0.0008568980291345,10000,1167,8.56898029134533,0.5714,0.2421,0.2729,0.3918,,0.0252,
uig,kur,0.22,8,46,0.0111396743787489,4006,1167,3.4327335047129397,1.0,0.6188,0.5945,0.3918,,0.1494,
uig,lao,0.04,52,2,0.0,521,1167,0.4464438731790917,1.0,0.7896,0.7447,0.0,,0.1928,
uig,mar,0.23,5,49,0.0,10000,1167,8.56898029134533,1.0,0.357,0.375,0.5,,0.1437,
uig,mlt,0.09,48,6,0.0034275921165381,1390,1167,1.1910882604970008,1.0,0.6123,0.6035,0.5,,0.2749,
uig,mya,0.04,52,2,0.0,3282,1167,2.8123393316195373,1.0,0.5199,0.5426,0.6545,,0.1431,
uig,msa,0.23,5,49,0.0008568980291345,10000,1167,8.56898029134533,1.0,0.7378,0.6791,0.0,,1.0,
uig,nld,0.12,40,14,0.0008568980291345,10000,1167,8.56898029134533,1.0,0.5833,0.5563,0.0,,0.27,
uig,nya,0.08,49,5,0.0034275921165381,237,1167,0.2030848329048843,1.0,0.879,0.879,,,0.4027,
uig,orm,0.11,45,9,0.0008568980291345,265,1167,0.2270779777206512,1.0,0.5505,0.5865,0.7837,,1.0,
uig,pan,0.22,8,46,0.0,7902,1167,6.77120822622108,1.0,0.4938,0.4737,0.0,,0.0779,
uig,pol,0.19,22,32,0.0,10000,1167,8.56898029134533,1.0,0.5804,0.5653,0.3918,,0.2258,
uig,por,0.16,33,21,0.0,10000,1167,8.56898029134533,1.0,0.6812,0.6506,0.0,,0.3263,
uig,ron,0.23,5,49,0.001713796058269,10000,1167,8.56898029134533,1.0,0.6704,0.6638,0.5,,0.214,
uig,rus,0.17,30,24,0.0,10000,1167,8.56898029134533,1.0,0.5662,0.5747,0.6667,,0.0629,
uig,sna,0.15,37,17,0.0051413881748071,592,1167,0.5072836332476436,1.0,0.7704,0.7233,0.0,,0.4229,
uig,som,0.13,39,15,0.0077120822622107,1246,1167,1.067694944301628,1.0,0.5563,0.5852,0.7837,,0.2744,
uig,spa,0.2,18,36,0.0,10000,1167,8.56898029134533,1.0,0.7314,0.716,0.6082,,0.3202,
uig,swa,0.19,22,32,0.0119965724078834,10000,1167,8.56898029134533,1.0,0.75,0.7318,0.6082,,1.0,
uig,swe,0.12,40,14,0.0,10000,1167,8.56898029134533,1.0,0.6287,0.5971,0.0,,0.2225,
uig,tam,0.16,33,21,0.0,10000,1167,8.56898029134533,1.0,0.2022,0.1927,0.0,,0.1842,
uig,tel,0.21,14,40,0.0,5991,1167,5.133676092544987,1.0,0.0,0.1927,0.5354,,0.1513,
uig,tgk,0.22,8,46,0.0,10000,1167,8.56898029134533,1.0,0.6529,0.6529,,,0.0539,
uig,tgl,0.21,14,40,0.0025706940874035,10000,1167,8.56898029134533,1.0,0.7747,0.7516,0.6082,,0.258,
uig,tha,0.1,47,7,0.0,10000,1167,8.56898029134533,1.0,0.8648,0.832,0.6545,,0.1916,
uig,tir,0.05,50,4,0.0,81,1167,0.0694087403598971,1.0,0.4587,0.4667,0.5,,0.2485,
uig,tuk,0.22,8,46,0.0077120822622107,1152,1167,0.987146529562982,0.5,0.2421,0.2263,0.0,,0.0941,
uig,tur,0.32,1,53,0.0025706940874035,10000,1167,8.56898029134533,0.5714,0.413,0.4526,0.7323,,0.1928,
uig,ukr,0.2,18,36,0.0,10000,1167,8.56898029134533,1.0,0.597,0.5952,0.5,,0.2107,
uig,uzb,0.29,2,52,0.001713796058269,10000,1167,8.56898029134533,1.0,0.2194,0.2075,0.0,,1.0,
uig,vie,0.12,40,14,0.0034275921165381,10000,1167,8.56898029134533,1.0,0.8003,0.7788,0.6545,,0.1887,
uig,xho,0.05,50,4,0.001713796058269,218,1167,0.1868037703513282,1.0,0.7177,0.6822,0.0,,0.491,
uig,yor,0.17,30,24,0.014567266495287,7227,1167,6.19280205655527,1.0,0.8642,0.8526,0.7699,,0.4167,
uig,zul,0.11,45,9,0.0008568980291345,462,1167,0.3958868894601543,1.0,0.7305,0.7371,0.7837,,0.4557,
